{"plist":[{"dicKey":2,"dicValue":"北京","areaParentId":1,"areaType":1},{"dicKey":3,"dicValue":"安徽","areaParentId":1,"areaType":1},{"dicKey":4,"dicValue":"福建","areaParentId":1,"areaType":1},{"dicKey":5,"dicValue":"甘肃","areaParentId":1,"areaType":1},{"dicKey":6,"dicValue":"广东","areaParentId":1,"areaType":1},{"dicKey":7,"dicValue":"广西","areaParentId":1,"areaType":1},{"dicKey":8,"dicValue":"贵州","areaParentId":1,"areaType":1},{"dicKey":9,"dicValue":"海南","areaParentId":1,"areaType":1},{"dicKey":10,"dicValue":"河北","areaParentId":1,"areaType":1},{"dicKey":11,"dicValue":"河南","areaParentId":1,"areaType":1},{"dicKey":12,"dicValue":"黑龙江","areaParentId":1,"areaType":1},{"dicKey":13,"dicValue":"湖北","areaParentId":1,"areaType":1},{"dicKey":14,"dicValue":"湖南","areaParentId":1,"areaType":1},{"dicKey":15,"dicValue":"吉林","areaParentId":1,"areaType":1},{"dicKey":16,"dicValue":"江苏","areaParentId":1,"areaType":1},{"dicKey":17,"dicValue":"江西","areaParentId":1,"areaType":1},{"dicKey":18,"dicValue":"辽宁","areaParentId":1,"areaType":1},{"dicKey":19,"dicValue":"内蒙古","areaParentId":1,"areaType":1},{"dicKey":20,"dicValue":"宁夏","areaParentId":1,"areaType":1},{"dicKey":21,"dicValue":"青海","areaParentId":1,"areaType":1},{"dicKey":22,"dicValue":"山东","areaParentId":1,"areaType":1},{"dicKey":23,"dicValue":"山西","areaParentId":1,"areaType":1},{"dicKey":24,"dicValue":"陕西","areaParentId":1,"areaType":1},{"dicKey":25,"dicValue":"上海","areaParentId":1,"areaType":1},{"dicKey":26,"dicValue":"四川","areaParentId":1,"areaType":1},{"dicKey":27,"dicValue":"天津","areaParentId":1,"areaType":1},{"dicKey":28,"dicValue":"西藏","areaParentId":1,"areaType":1},{"dicKey":29,"dicValue":"新疆","areaParentId":1,"areaType":1},{"dicKey":30,"dicValue":"云南","areaParentId":1,"areaType":1},{"dicKey":31,"dicValue":"浙江","areaParentId":1,"areaType":1},{"dicKey":32,"dicValue":"重庆","areaParentId":1,"areaType":1},{"dicKey":33,"dicValue":"香港","areaParentId":1,"areaType":1},{"dicKey":34,"dicValue":"澳门","areaParentId":1,"areaType":1},{"dicKey":35,"dicValue":"台湾","areaParentId":1,"areaType":1}],
"clist":[{"dicKey":36,"dicValue":"安庆","areaParentId":3,"areaType":2},{"dicKey":37,"dicValue":"蚌埠","areaParentId":3,"areaType":2},{"dicKey":38,"dicValue":"巢湖","areaParentId":3,"areaType":2},{"dicKey":39,"dicValue":"池州","areaParentId":3,"areaType":2},{"dicKey":40,"dicValue":"滁州","areaParentId":3,"areaType":2},{"dicKey":41,"dicValue":"阜阳","areaParentId":3,"areaType":2},{"dicKey":42,"dicValue":"淮北","areaParentId":3,"areaType":2},{"dicKey":43,"dicValue":"淮南","areaParentId":3,"areaType":2},{"dicKey":44,"dicValue":"黄山","areaParentId":3,"areaType":2},{"dicKey":45,"dicValue":"六安","areaParentId":3,"areaType":2},{"dicKey":46,"dicValue":"马鞍山","areaParentId":3,"areaType":2},{"dicKey":47,"dicValue":"宿州","areaParentId":3,"areaType":2},{"dicKey":48,"dicValue":"铜陵","areaParentId":3,"areaType":2},{"dicKey":49,"dicValue":"芜湖","areaParentId":3,"areaType":2},{"dicKey":50,"dicValue":"宣城","areaParentId":3,"areaType":2},{"dicKey":51,"dicValue":"亳州","areaParentId":3,"areaType":2},{"dicKey":52,"dicValue":"北京","areaParentId":2,"areaType":2},{"dicKey":53,"dicValue":"福州","areaParentId":4,"areaType":2},{"dicKey":54,"dicValue":"龙岩","areaParentId":4,"areaType":2},{"dicKey":55,"dicValue":"南平","areaParentId":4,"areaType":2},{"dicKey":56,"dicValue":"宁德","areaParentId":4,"areaType":2},{"dicKey":57,"dicValue":"莆田","areaParentId":4,"areaType":2},{"dicKey":58,"dicValue":"泉州","areaParentId":4,"areaType":2},{"dicKey":59,"dicValue":"三明","areaParentId":4,"areaType":2},{"dicKey":60,"dicValue":"厦门","areaParentId":4,"areaType":2},{"dicKey":61,"dicValue":"漳州","areaParentId":4,"areaType":2},{"dicKey":62,"dicValue":"兰州","areaParentId":5,"areaType":2},{"dicKey":63,"dicValue":"白银","areaParentId":5,"areaType":2},{"dicKey":64,"dicValue":"定西","areaParentId":5,"areaType":2},{"dicKey":65,"dicValue":"甘南","areaParentId":5,"areaType":2},{"dicKey":66,"dicValue":"嘉峪关","areaParentId":5,"areaType":2},{"dicKey":67,"dicValue":"金昌","areaParentId":5,"areaType":2},{"dicKey":68,"dicValue":"酒泉","areaParentId":5,"areaType":2},{"dicKey":69,"dicValue":"临夏","areaParentId":5,"areaType":2},{"dicKey":70,"dicValue":"陇南","areaParentId":5,"areaType":2},{"dicKey":71,"dicValue":"平凉","areaParentId":5,"areaType":2},{"dicKey":72,"dicValue":"庆阳","areaParentId":5,"areaType":2},{"dicKey":73,"dicValue":"天水","areaParentId":5,"areaType":2},{"dicKey":74,"dicValue":"武威","areaParentId":5,"areaType":2},{"dicKey":75,"dicValue":"张掖","areaParentId":5,"areaType":2},{"dicKey":76,"dicValue":"广州","areaParentId":6,"areaType":2},{"dicKey":77,"dicValue":"深圳","areaParentId":6,"areaType":2},{"dicKey":78,"dicValue":"潮州","areaParentId":6,"areaType":2},{"dicKey":79,"dicValue":"东莞","areaParentId":6,"areaType":2},{"dicKey":80,"dicValue":"佛山","areaParentId":6,"areaType":2},{"dicKey":81,"dicValue":"河源","areaParentId":6,"areaType":2},{"dicKey":82,"dicValue":"惠州","areaParentId":6,"areaType":2},{"dicKey":83,"dicValue":"江门","areaParentId":6,"areaType":2},{"dicKey":84,"dicValue":"揭阳","areaParentId":6,"areaType":2},{"dicKey":85,"dicValue":"茂名","areaParentId":6,"areaType":2},{"dicKey":86,"dicValue":"梅州","areaParentId":6,"areaType":2},{"dicKey":87,"dicValue":"清远","areaParentId":6,"areaType":2},{"dicKey":88,"dicValue":"汕头","areaParentId":6,"areaType":2},{"dicKey":89,"dicValue":"汕尾","areaParentId":6,"areaType":2},{"dicKey":90,"dicValue":"韶关","areaParentId":6,"areaType":2},{"dicKey":91,"dicValue":"阳江","areaParentId":6,"areaType":2},{"dicKey":92,"dicValue":"云浮","areaParentId":6,"areaType":2},{"dicKey":93,"dicValue":"湛江","areaParentId":6,"areaType":2},{"dicKey":94,"dicValue":"肇庆","areaParentId":6,"areaType":2},{"dicKey":95,"dicValue":"中山","areaParentId":6,"areaType":2},{"dicKey":96,"dicValue":"珠海","areaParentId":6,"areaType":2},{"dicKey":97,"dicValue":"南宁","areaParentId":7,"areaType":2},{"dicKey":98,"dicValue":"桂林","areaParentId":7,"areaType":2},{"dicKey":99,"dicValue":"百色","areaParentId":7,"areaType":2},{"dicKey":100,"dicValue":"北海","areaParentId":7,"areaType":2},{"dicKey":101,"dicValue":"崇左","areaParentId":7,"areaType":2},{"dicKey":102,"dicValue":"防城港","areaParentId":7,"areaType":2},{"dicKey":103,"dicValue":"贵港","areaParentId":7,"areaType":2},{"dicKey":104,"dicValue":"河池","areaParentId":7,"areaType":2},{"dicKey":105,"dicValue":"贺州","areaParentId":7,"areaType":2},{"dicKey":106,"dicValue":"来宾","areaParentId":7,"areaType":2},{"dicKey":107,"dicValue":"柳州","areaParentId":7,"areaType":2},{"dicKey":108,"dicValue":"钦州","areaParentId":7,"areaType":2},{"dicKey":109,"dicValue":"梧州","areaParentId":7,"areaType":2},{"dicKey":110,"dicValue":"玉林","areaParentId":7,"areaType":2},{"dicKey":111,"dicValue":"贵阳","areaParentId":8,"areaType":2},{"dicKey":112,"dicValue":"安顺","areaParentId":8,"areaType":2},{"dicKey":113,"dicValue":"毕节","areaParentId":8,"areaType":2},{"dicKey":114,"dicValue":"六盘水","areaParentId":8,"areaType":2},{"dicKey":115,"dicValue":"黔东南","areaParentId":8,"areaType":2},{"dicKey":116,"dicValue":"黔南","areaParentId":8,"areaType":2},{"dicKey":117,"dicValue":"黔西南","areaParentId":8,"areaType":2},{"dicKey":118,"dicValue":"铜仁","areaParentId":8,"areaType":2},{"dicKey":119,"dicValue":"遵义","areaParentId":8,"areaType":2},{"dicKey":120,"dicValue":"海口","areaParentId":9,"areaType":2},{"dicKey":121,"dicValue":"三亚","areaParentId":9,"areaType":2},{"dicKey":122,"dicValue":"白沙","areaParentId":9,"areaType":2},{"dicKey":123,"dicValue":"保亭","areaParentId":9,"areaType":2},{"dicKey":124,"dicValue":"昌江","areaParentId":9,"areaType":2},{"dicKey":125,"dicValue":"澄迈县","areaParentId":9,"areaType":2},{"dicKey":126,"dicValue":"定安县","areaParentId":9,"areaType":2},{"dicKey":127,"dicValue":"东方","areaParentId":9,"areaType":2},{"dicKey":128,"dicValue":"乐东","areaParentId":9,"areaType":2},{"dicKey":129,"dicValue":"临高县","areaParentId":9,"areaType":2},{"dicKey":130,"dicValue":"陵水","areaParentId":9,"areaType":2},{"dicKey":131,"dicValue":"琼海","areaParentId":9,"areaType":2},{"dicKey":132,"dicValue":"琼中","areaParentId":9,"areaType":2},{"dicKey":133,"dicValue":"屯昌县","areaParentId":9,"areaType":2},{"dicKey":134,"dicValue":"万宁","areaParentId":9,"areaType":2},{"dicKey":135,"dicValue":"文昌","areaParentId":9,"areaType":2},{"dicKey":136,"dicValue":"五指山","areaParentId":9,"areaType":2},{"dicKey":137,"dicValue":"儋州","areaParentId":9,"areaType":2},{"dicKey":138,"dicValue":"石家庄","areaParentId":10,"areaType":2},{"dicKey":139,"dicValue":"保定","areaParentId":10,"areaType":2},{"dicKey":140,"dicValue":"沧州","areaParentId":10,"areaType":2},{"dicKey":141,"dicValue":"承德","areaParentId":10,"areaType":2},{"dicKey":142,"dicValue":"邯郸","areaParentId":10,"areaType":2},{"dicKey":143,"dicValue":"衡水","areaParentId":10,"areaType":2},{"dicKey":144,"dicValue":"廊坊","areaParentId":10,"areaType":2},{"dicKey":145,"dicValue":"秦皇岛","areaParentId":10,"areaType":2},{"dicKey":146,"dicValue":"唐山","areaParentId":10,"areaType":2},{"dicKey":147,"dicValue":"邢台","areaParentId":10,"areaType":2},{"dicKey":148,"dicValue":"张家口","areaParentId":10,"areaType":2},{"dicKey":149,"dicValue":"郑州","areaParentId":11,"areaType":2},{"dicKey":150,"dicValue":"洛阳","areaParentId":11,"areaType":2},{"dicKey":151,"dicValue":"开封","areaParentId":11,"areaType":2},{"dicKey":152,"dicValue":"安阳","areaParentId":11,"areaType":2},{"dicKey":153,"dicValue":"鹤壁","areaParentId":11,"areaType":2},{"dicKey":154,"dicValue":"济源","areaParentId":11,"areaType":2},{"dicKey":155,"dicValue":"焦作","areaParentId":11,"areaType":2},{"dicKey":156,"dicValue":"南阳","areaParentId":11,"areaType":2},{"dicKey":157,"dicValue":"平顶山","areaParentId":11,"areaType":2},{"dicKey":158,"dicValue":"三门峡","areaParentId":11,"areaType":2},{"dicKey":159,"dicValue":"商丘","areaParentId":11,"areaType":2},{"dicKey":160,"dicValue":"新乡","areaParentId":11,"areaType":2},{"dicKey":161,"dicValue":"信阳","areaParentId":11,"areaType":2},{"dicKey":162,"dicValue":"许昌","areaParentId":11,"areaType":2},{"dicKey":163,"dicValue":"周口","areaParentId":11,"areaType":2},{"dicKey":164,"dicValue":"驻马店","areaParentId":11,"areaType":2},{"dicKey":165,"dicValue":"漯河","areaParentId":11,"areaType":2},{"dicKey":166,"dicValue":"濮阳","areaParentId":11,"areaType":2},{"dicKey":167,"dicValue":"哈尔滨","areaParentId":12,"areaType":2},{"dicKey":168,"dicValue":"大庆","areaParentId":12,"areaType":2},{"dicKey":169,"dicValue":"大兴安岭","areaParentId":12,"areaType":2},{"dicKey":170,"dicValue":"鹤岗","areaParentId":12,"areaType":2},{"dicKey":171,"dicValue":"黑河","areaParentId":12,"areaType":2},{"dicKey":172,"dicValue":"鸡西","areaParentId":12,"areaType":2},{"dicKey":173,"dicValue":"佳木斯","areaParentId":12,"areaType":2},{"dicKey":174,"dicValue":"牡丹江","areaParentId":12,"areaType":2},{"dicKey":175,"dicValue":"七台河","areaParentId":12,"areaType":2},{"dicKey":176,"dicValue":"齐齐哈尔","areaParentId":12,"areaType":2},{"dicKey":177,"dicValue":"双鸭山","areaParentId":12,"areaType":2},{"dicKey":178,"dicValue":"绥化","areaParentId":12,"areaType":2},{"dicKey":179,"dicValue":"伊春","areaParentId":12,"areaType":2},{"dicKey":180,"dicValue":"武汉","areaParentId":13,"areaType":2},{"dicKey":181,"dicValue":"仙桃","areaParentId":13,"areaType":2},{"dicKey":182,"dicValue":"鄂州","areaParentId":13,"areaType":2},{"dicKey":183,"dicValue":"黄冈","areaParentId":13,"areaType":2},{"dicKey":184,"dicValue":"黄石","areaParentId":13,"areaType":2},{"dicKey":185,"dicValue":"荆门","areaParentId":13,"areaType":2},{"dicKey":186,"dicValue":"荆州","areaParentId":13,"areaType":2},{"dicKey":187,"dicValue":"潜江","areaParentId":13,"areaType":2},{"dicKey":188,"dicValue":"神农架林区","areaParentId":13,"areaType":2},{"dicKey":189,"dicValue":"十堰","areaParentId":13,"areaType":2},{"dicKey":190,"dicValue":"随州","areaParentId":13,"areaType":2},{"dicKey":191,"dicValue":"天门","areaParentId":13,"areaType":2},{"dicKey":192,"dicValue":"咸宁","areaParentId":13,"areaType":2},{"dicKey":193,"dicValue":"襄樊","areaParentId":13,"areaType":2},{"dicKey":194,"dicValue":"孝感","areaParentId":13,"areaType":2},{"dicKey":195,"dicValue":"宜昌","areaParentId":13,"areaType":2},{"dicKey":196,"dicValue":"恩施","areaParentId":13,"areaType":2},{"dicKey":197,"dicValue":"长沙","areaParentId":14,"areaType":2},{"dicKey":198,"dicValue":"张家界","areaParentId":14,"areaType":2},{"dicKey":199,"dicValue":"常德","areaParentId":14,"areaType":2},{"dicKey":200,"dicValue":"郴州","areaParentId":14,"areaType":2},{"dicKey":201,"dicValue":"衡阳","areaParentId":14,"areaType":2},{"dicKey":202,"dicValue":"怀化","areaParentId":14,"areaType":2},{"dicKey":203,"dicValue":"娄底","areaParentId":14,"areaType":2},{"dicKey":204,"dicValue":"邵阳","areaParentId":14,"areaType":2},{"dicKey":205,"dicValue":"湘潭","areaParentId":14,"areaType":2},{"dicKey":206,"dicValue":"湘西","areaParentId":14,"areaType":2},{"dicKey":207,"dicValue":"益阳","areaParentId":14,"areaType":2},{"dicKey":208,"dicValue":"永州","areaParentId":14,"areaType":2},{"dicKey":209,"dicValue":"岳阳","areaParentId":14,"areaType":2},{"dicKey":210,"dicValue":"株洲","areaParentId":14,"areaType":2},{"dicKey":211,"dicValue":"长春","areaParentId":15,"areaType":2},{"dicKey":212,"dicValue":"吉林","areaParentId":15,"areaType":2},{"dicKey":213,"dicValue":"白城","areaParentId":15,"areaType":2},{"dicKey":214,"dicValue":"白山","areaParentId":15,"areaType":2},{"dicKey":215,"dicValue":"辽源","areaParentId":15,"areaType":2},{"dicKey":216,"dicValue":"四平","areaParentId":15,"areaType":2},{"dicKey":217,"dicValue":"松原","areaParentId":15,"areaType":2},{"dicKey":218,"dicValue":"通化","areaParentId":15,"areaType":2},{"dicKey":219,"dicValue":"延边","areaParentId":15,"areaType":2},{"dicKey":220,"dicValue":"南京","areaParentId":16,"areaType":2},{"dicKey":221,"dicValue":"苏州","areaParentId":16,"areaType":2},{"dicKey":222,"dicValue":"无锡","areaParentId":16,"areaType":2},{"dicKey":223,"dicValue":"常州","areaParentId":16,"areaType":2},{"dicKey":224,"dicValue":"淮安","areaParentId":16,"areaType":2},{"dicKey":225,"dicValue":"连云港","areaParentId":16,"areaType":2},{"dicKey":226,"dicValue":"南通","areaParentId":16,"areaType":2},{"dicKey":227,"dicValue":"宿迁","areaParentId":16,"areaType":2},{"dicKey":228,"dicValue":"泰州","areaParentId":16,"areaType":2},{"dicKey":229,"dicValue":"徐州","areaParentId":16,"areaType":2},{"dicKey":230,"dicValue":"盐城","areaParentId":16,"areaType":2},{"dicKey":231,"dicValue":"扬州","areaParentId":16,"areaType":2},{"dicKey":232,"dicValue":"镇江","areaParentId":16,"areaType":2},{"dicKey":233,"dicValue":"南昌","areaParentId":17,"areaType":2},{"dicKey":234,"dicValue":"抚州","areaParentId":17,"areaType":2},{"dicKey":235,"dicValue":"赣州","areaParentId":17,"areaType":2},{"dicKey":236,"dicValue":"吉安","areaParentId":17,"areaType":2},{"dicKey":237,"dicValue":"景德镇","areaParentId":17,"areaType":2},{"dicKey":238,"dicValue":"九江","areaParentId":17,"areaType":2},{"dicKey":239,"dicValue":"萍乡","areaParentId":17,"areaType":2},{"dicKey":240,"dicValue":"上饶","areaParentId":17,"areaType":2},{"dicKey":241,"dicValue":"新余","areaParentId":17,"areaType":2},{"dicKey":242,"dicValue":"宜春","areaParentId":17,"areaType":2},{"dicKey":243,"dicValue":"鹰潭","areaParentId":17,"areaType":2},{"dicKey":244,"dicValue":"沈阳","areaParentId":18,"areaType":2},{"dicKey":245,"dicValue":"大连","areaParentId":18,"areaType":2},{"dicKey":246,"dicValue":"鞍山","areaParentId":18,"areaType":2},{"dicKey":247,"dicValue":"本溪","areaParentId":18,"areaType":2},{"dicKey":248,"dicValue":"朝阳","areaParentId":18,"areaType":2},{"dicKey":249,"dicValue":"丹东","areaParentId":18,"areaType":2},{"dicKey":250,"dicValue":"抚顺","areaParentId":18,"areaType":2},{"dicKey":251,"dicValue":"阜新","areaParentId":18,"areaType":2},{"dicKey":252,"dicValue":"葫芦岛","areaParentId":18,"areaType":2},{"dicKey":253,"dicValue":"锦州","areaParentId":18,"areaType":2},{"dicKey":254,"dicValue":"辽阳","areaParentId":18,"areaType":2},{"dicKey":255,"dicValue":"盘锦","areaParentId":18,"areaType":2},{"dicKey":256,"dicValue":"铁岭","areaParentId":18,"areaType":2},{"dicKey":257,"dicValue":"营口","areaParentId":18,"areaType":2},{"dicKey":258,"dicValue":"呼和浩特","areaParentId":19,"areaType":2},{"dicKey":259,"dicValue":"阿拉善盟","areaParentId":19,"areaType":2},{"dicKey":260,"dicValue":"巴彦淖尔盟","areaParentId":19,"areaType":2},{"dicKey":261,"dicValue":"包头","areaParentId":19,"areaType":2},{"dicKey":262,"dicValue":"赤峰","areaParentId":19,"areaType":2},{"dicKey":263,"dicValue":"鄂尔多斯","areaParentId":19,"areaType":2},{"dicKey":264,"dicValue":"呼伦贝尔","areaParentId":19,"areaType":2},{"dicKey":265,"dicValue":"通辽","areaParentId":19,"areaType":2},{"dicKey":266,"dicValue":"乌海","areaParentId":19,"areaType":2},{"dicKey":267,"dicValue":"乌兰察布市","areaParentId":19,"areaType":2},{"dicKey":268,"dicValue":"锡林郭勒盟","areaParentId":19,"areaType":2},{"dicKey":269,"dicValue":"兴安盟","areaParentId":19,"areaType":2},{"dicKey":270,"dicValue":"银川","areaParentId":20,"areaType":2},{"dicKey":271,"dicValue":"固原","areaParentId":20,"areaType":2},{"dicKey":272,"dicValue":"石嘴山","areaParentId":20,"areaType":2},{"dicKey":273,"dicValue":"吴忠","areaParentId":20,"areaType":2},{"dicKey":274,"dicValue":"中卫","areaParentId":20,"areaType":2},{"dicKey":275,"dicValue":"西宁","areaParentId":21,"areaType":2},{"dicKey":276,"dicValue":"果洛","areaParentId":21,"areaType":2},{"dicKey":277,"dicValue":"海北","areaParentId":21,"areaType":2},{"dicKey":278,"dicValue":"海东","areaParentId":21,"areaType":2},{"dicKey":279,"dicValue":"海南","areaParentId":21,"areaType":2},{"dicKey":280,"dicValue":"海西","areaParentId":21,"areaType":2},{"dicKey":281,"dicValue":"黄南","areaParentId":21,"areaType":2},{"dicKey":282,"dicValue":"玉树","areaParentId":21,"areaType":2},{"dicKey":283,"dicValue":"济南","areaParentId":22,"areaType":2},{"dicKey":284,"dicValue":"青岛","areaParentId":22,"areaType":2},{"dicKey":285,"dicValue":"滨州","areaParentId":22,"areaType":2},{"dicKey":286,"dicValue":"德州","areaParentId":22,"areaType":2},{"dicKey":287,"dicValue":"东营","areaParentId":22,"areaType":2},{"dicKey":288,"dicValue":"菏泽","areaParentId":22,"areaType":2},{"dicKey":289,"dicValue":"济宁","areaParentId":22,"areaType":2},{"dicKey":290,"dicValue":"莱芜","areaParentId":22,"areaType":2},{"dicKey":291,"dicValue":"聊城","areaParentId":22,"areaType":2},{"dicKey":292,"dicValue":"临沂","areaParentId":22,"areaType":2},{"dicKey":293,"dicValue":"日照","areaParentId":22,"areaType":2},{"dicKey":294,"dicValue":"泰安","areaParentId":22,"areaType":2},{"dicKey":295,"dicValue":"威海","areaParentId":22,"areaType":2},{"dicKey":296,"dicValue":"潍坊","areaParentId":22,"areaType":2},{"dicKey":297,"dicValue":"烟台","areaParentId":22,"areaType":2},{"dicKey":298,"dicValue":"枣庄","areaParentId":22,"areaType":2},{"dicKey":299,"dicValue":"淄博","areaParentId":22,"areaType":2},{"dicKey":300,"dicValue":"太原","areaParentId":23,"areaType":2},{"dicKey":301,"dicValue":"长治","areaParentId":23,"areaType":2},{"dicKey":302,"dicValue":"大同","areaParentId":23,"areaType":2},{"dicKey":303,"dicValue":"晋城","areaParentId":23,"areaType":2},{"dicKey":304,"dicValue":"晋中","areaParentId":23,"areaType":2},{"dicKey":305,"dicValue":"临汾","areaParentId":23,"areaType":2},{"dicKey":306,"dicValue":"吕梁","areaParentId":23,"areaType":2},{"dicKey":307,"dicValue":"朔州","areaParentId":23,"areaType":2},{"dicKey":308,"dicValue":"忻州","areaParentId":23,"areaType":2},{"dicKey":309,"dicValue":"阳泉","areaParentId":23,"areaType":2},{"dicKey":310,"dicValue":"运城","areaParentId":23,"areaType":2},{"dicKey":311,"dicValue":"西安","areaParentId":24,"areaType":2},{"dicKey":312,"dicValue":"安康","areaParentId":24,"areaType":2},{"dicKey":313,"dicValue":"宝鸡","areaParentId":24,"areaType":2},{"dicKey":314,"dicValue":"汉中","areaParentId":24,"areaType":2},{"dicKey":315,"dicValue":"商洛","areaParentId":24,"areaType":2},{"dicKey":316,"dicValue":"铜川","areaParentId":24,"areaType":2},{"dicKey":317,"dicValue":"渭南","areaParentId":24,"areaType":2},{"dicKey":318,"dicValue":"咸阳","areaParentId":24,"areaType":2},{"dicKey":319,"dicValue":"延安","areaParentId":24,"areaType":2},{"dicKey":320,"dicValue":"榆林","areaParentId":24,"areaType":2},{"dicKey":321,"dicValue":"上海","areaParentId":25,"areaType":2},{"dicKey":322,"dicValue":"成都","areaParentId":26,"areaType":2},{"dicKey":323,"dicValue":"绵阳","areaParentId":26,"areaType":2},{"dicKey":324,"dicValue":"阿坝","areaParentId":26,"areaType":2},{"dicKey":325,"dicValue":"巴中","areaParentId":26,"areaType":2},{"dicKey":326,"dicValue":"达州","areaParentId":26,"areaType":2},{"dicKey":327,"dicValue":"德阳","areaParentId":26,"areaType":2},{"dicKey":328,"dicValue":"甘孜","areaParentId":26,"areaType":2},{"dicKey":329,"dicValue":"广安","areaParentId":26,"areaType":2},{"dicKey":330,"dicValue":"广元","areaParentId":26,"areaType":2},{"dicKey":331,"dicValue":"乐山","areaParentId":26,"areaType":2},{"dicKey":332,"dicValue":"凉山","areaParentId":26,"areaType":2},{"dicKey":333,"dicValue":"眉山","areaParentId":26,"areaType":2},{"dicKey":334,"dicValue":"南充","areaParentId":26,"areaType":2},{"dicKey":335,"dicValue":"内江","areaParentId":26,"areaType":2},{"dicKey":336,"dicValue":"攀枝花","areaParentId":26,"areaType":2},{"dicKey":337,"dicValue":"遂宁","areaParentId":26,"areaType":2},{"dicKey":338,"dicValue":"雅安","areaParentId":26,"areaType":2},{"dicKey":339,"dicValue":"宜宾","areaParentId":26,"areaType":2},{"dicKey":340,"dicValue":"资阳","areaParentId":26,"areaType":2},{"dicKey":341,"dicValue":"自贡","areaParentId":26,"areaType":2},{"dicKey":342,"dicValue":"泸州","areaParentId":26,"areaType":2},{"dicKey":343,"dicValue":"天津","areaParentId":27,"areaType":2},{"dicKey":344,"dicValue":"拉萨","areaParentId":28,"areaType":2},{"dicKey":345,"dicValue":"阿里","areaParentId":28,"areaType":2},{"dicKey":346,"dicValue":"昌都","areaParentId":28,"areaType":2},{"dicKey":347,"dicValue":"林芝","areaParentId":28,"areaType":2},{"dicKey":348,"dicValue":"那曲","areaParentId":28,"areaType":2},{"dicKey":349,"dicValue":"日喀则","areaParentId":28,"areaType":2},{"dicKey":350,"dicValue":"山南","areaParentId":28,"areaType":2},{"dicKey":351,"dicValue":"乌鲁木齐","areaParentId":29,"areaType":2},{"dicKey":352,"dicValue":"阿克苏","areaParentId":29,"areaType":2},{"dicKey":353,"dicValue":"阿拉尔","areaParentId":29,"areaType":2},{"dicKey":354,"dicValue":"巴音郭楞","areaParentId":29,"areaType":2},{"dicKey":355,"dicValue":"博尔塔拉","areaParentId":29,"areaType":2},{"dicKey":356,"dicValue":"昌吉","areaParentId":29,"areaType":2},{"dicKey":357,"dicValue":"哈密","areaParentId":29,"areaType":2},{"dicKey":358,"dicValue":"和田","areaParentId":29,"areaType":2},{"dicKey":359,"dicValue":"喀什","areaParentId":29,"areaType":2},{"dicKey":360,"dicValue":"克拉玛依","areaParentId":29,"areaType":2},{"dicKey":361,"dicValue":"克孜勒苏","areaParentId":29,"areaType":2},{"dicKey":362,"dicValue":"石河子","areaParentId":29,"areaType":2},{"dicKey":363,"dicValue":"图木舒克","areaParentId":29,"areaType":2},{"dicKey":364,"dicValue":"吐鲁番","areaParentId":29,"areaType":2},{"dicKey":365,"dicValue":"五家渠","areaParentId":29,"areaType":2},{"dicKey":366,"dicValue":"伊犁","areaParentId":29,"areaType":2},{"dicKey":367,"dicValue":"昆明","areaParentId":30,"areaType":2},{"dicKey":368,"dicValue":"怒江","areaParentId":30,"areaType":2},{"dicKey":369,"dicValue":"普洱","areaParentId":30,"areaType":2},{"dicKey":370,"dicValue":"丽江","areaParentId":30,"areaType":2},{"dicKey":371,"dicValue":"保山","areaParentId":30,"areaType":2},{"dicKey":372,"dicValue":"楚雄","areaParentId":30,"areaType":2},{"dicKey":373,"dicValue":"大理","areaParentId":30,"areaType":2},{"dicKey":374,"dicValue":"德宏","areaParentId":30,"areaType":2},{"dicKey":375,"dicValue":"迪庆","areaParentId":30,"areaType":2},{"dicKey":376,"dicValue":"红河","areaParentId":30,"areaType":2},{"dicKey":377,"dicValue":"临沧","areaParentId":30,"areaType":2},{"dicKey":378,"dicValue":"曲靖","areaParentId":30,"areaType":2},{"dicKey":379,"dicValue":"文山","areaParentId":30,"areaType":2},{"dicKey":380,"dicValue":"西双版纳","areaParentId":30,"areaType":2},{"dicKey":381,"dicValue":"玉溪","areaParentId":30,"areaType":2},{"dicKey":382,"dicValue":"昭通","areaParentId":30,"areaType":2},{"dicKey":383,"dicValue":"杭州","areaParentId":31,"areaType":2},{"dicKey":384,"dicValue":"湖州","areaParentId":31,"areaType":2},{"dicKey":385,"dicValue":"嘉兴","areaParentId":31,"areaType":2},{"dicKey":386,"dicValue":"金华","areaParentId":31,"areaType":2},{"dicKey":387,"dicValue":"丽水","areaParentId":31,"areaType":2},{"dicKey":388,"dicValue":"宁波","areaParentId":31,"areaType":2},{"dicKey":389,"dicValue":"绍兴","areaParentId":31,"areaType":2},{"dicKey":390,"dicValue":"台州","areaParentId":31,"areaType":2},{"dicKey":391,"dicValue":"温州","areaParentId":31,"areaType":2},{"dicKey":392,"dicValue":"舟山","areaParentId":31,"areaType":2},{"dicKey":393,"dicValue":"衢州","areaParentId":31,"areaType":2},{"dicKey":394,"dicValue":"重庆","areaParentId":32,"areaType":2},{"dicKey":395,"dicValue":"香港","areaParentId":33,"areaType":2},{"dicKey":396,"dicValue":"澳门","areaParentId":34,"areaType":2},{"dicKey":397,"dicValue":"台湾","areaParentId":35,"areaType":2},{"dicKey":3401,"dicValue":"合肥","areaParentId":3,"areaType":2}]}