[{"dicKey":2,"dicValue":"北京","areaParentId":1,"areaType":1},{"dicKey":3,"dicValue":"安徽","areaParentId":1,"areaType":1},{"dicKey":4,"dicValue":"福建","areaParentId":1,"areaType":1},{"dicKey":5,"dicValue":"甘肃","areaParentId":1,"areaType":1},{"dicKey":6,"dicValue":"广东","areaParentId":1,"areaType":1},{"dicKey":7,"dicValue":"广西","areaParentId":1,"areaType":1},{"dicKey":8,"dicValue":"贵州","areaParentId":1,"areaType":1},{"dicKey":9,"dicValue":"海南","areaParentId":1,"areaType":1},{"dicKey":10,"dicValue":"河北","areaParentId":1,"areaType":1},{"dicKey":11,"dicValue":"河南","areaParentId":1,"areaType":1},{"dicKey":12,"dicValue":"黑龙江","areaParentId":1,"areaType":1},{"dicKey":13,"dicValue":"湖北","areaParentId":1,"areaType":1},{"dicKey":14,"dicValue":"湖南","areaParentId":1,"areaType":1},{"dicKey":15,"dicValue":"吉林","areaParentId":1,"areaType":1},{"dicKey":16,"dicValue":"江苏","areaParentId":1,"areaType":1},{"dicKey":17,"dicValue":"江西","areaParentId":1,"areaType":1},{"dicKey":18,"dicValue":"辽宁","areaParentId":1,"areaType":1},{"dicKey":19,"dicValue":"内蒙古","areaParentId":1,"areaType":1},{"dicKey":20,"dicValue":"宁夏","areaParentId":1,"areaType":1},{"dicKey":21,"dicValue":"青海","areaParentId":1,"areaType":1},{"dicKey":22,"dicValue":"山东","areaParentId":1,"areaType":1},{"dicKey":23,"dicValue":"山西","areaParentId":1,"areaType":1},{"dicKey":24,"dicValue":"陕西","areaParentId":1,"areaType":1},{"dicKey":25,"dicValue":"上海","areaParentId":1,"areaType":1},{"dicKey":26,"dicValue":"四川","areaParentId":1,"areaType":1},{"dicKey":27,"dicValue":"天津","areaParentId":1,"areaType":1},{"dicKey":28,"dicValue":"西藏","areaParentId":1,"areaType":1},{"dicKey":29,"dicValue":"新疆","areaParentId":1,"areaType":1},{"dicKey":30,"dicValue":"云南","areaParentId":1,"areaType":1},{"dicKey":31,"dicValue":"浙江","areaParentId":1,"areaType":1},{"dicKey":32,"dicValue":"重庆","areaParentId":1,"areaType":1},{"dicKey":33,"dicValue":"香港","areaParentId":1,"areaType":1},{"dicKey":34,"dicValue":"澳门","areaParentId":1,"areaType":1},{"dicKey":35,"dicValue":"台湾","areaParentId":1,"areaType":1}]