[{"dicKey":"","dicDesc":"学历","dicValue":"不限"},{"dicKey":"01","dicDesc":"学历","dicValue":"初中以下"},{"dicKey":"02","dicDesc":"学历","dicValue":"初中"},{"dicKey":"03","dicDesc":"学历","dicValue":"中技"},{"dicKey":"04","dicDesc":"学历","dicValue":"中专"},{"dicKey":"05","dicDesc":"学历","dicValue":"高中"},{"dicKey":"06","dicDesc":"学历","dicValue":"大专"},{"dicKey":"07","dicDesc":"学历","dicValue":"本科"},{"dicKey":"08","dicDesc":"学历","dicValue":"硕士"},{"dicKey":"09","dicDesc":"学历","dicValue":"MBA"},{"dicKey":"10","dicDesc":"学历","dicValue":"EMBA"},{"dicKey":"11","dicDesc":"学历","dicValue":"博士"},{"dicKey":"12","dicDesc":"学历","dicValue":"其他"}]
