{"pIndustry":[{"id":1,"dicKey":"001001","dicValue":"计算机|互联网|通信|电子","parentCode":"0"},{"id":9,"dicKey":"001002","dicValue":"金融|银行|保险","parentCode":"0"},{"id":12,"dicKey":"001003","dicValue":"房产|建筑建设|物业","parentCode":"0"},{"id":16,"dicKey":"001004","dicValue":"广告|传媒|印刷出版","parentCode":"0"},{"id":20,"dicKey":"001005","dicValue":"消费零售|贸易|交通物流","parentCode":"0"},{"id":28,"dicKey":"001006","dicValue":"加工制造|仪表设备","parentCode":"0"},{"id":35,"dicKey":"001007","dicValue":"管理咨询|教育科研|中介服务","parentCode":"0"},{"id":40,"dicKey":"001008","dicValue":"医药生物|医疗保健","parentCode":"0"},{"id":44,"dicKey":"001009","dicValue":"酒店旅游","parentCode":"0"},{"id":48,"dicKey":"001010","dicValue":"能源矿产|石油化工","parentCode":"0"},{"id":52,"dicKey":"001011","dicValue":"政府|非赢利机构|科研|其他","parentCode":"0"}],
"cIndustry":[{"id":2,"dicKey":"001001001","dicValue":"计算机硬件及网络设备","parentCode":"001001"},{"id":3,"dicKey":"001001002","dicValue":"计算机软件","parentCode":"001001"},{"id":4,"dicKey":"001001003","dicValue":"IT服务（系统/数据/维护）/多领域经营","parentCode":"001001"},{"id":5,"dicKey":"001001004","dicValue":"互联网/电子商务","parentCode":"001001"},{"id":6,"dicKey":"001001005","dicValue":"网络游戏","parentCode":"001001"},{"id":7,"dicKey":"001001006","dicValue":"通讯（设备/运营/增值服务）","parentCode":"001001"},{"id":8,"dicKey":"001001007","dicValue":"电子技术/半导体/集成电路","parentCode":"001001"},{"id":10,"dicKey":"001002001","dicValue":"金融/银行/投资/基金/证券","parentCode":"001002"},{"id":11,"dicKey":"001002002","dicValue":"保险","parentCode":"001002"},{"id":13,"dicKey":"001003001","dicValue":"房地产/建筑/建材/工程","parentCode":"001003"},{"id":14,"dicKey":"001003002","dicValue":"家居/室内设计/装饰装潢","parentCode":"001003"},{"id":15,"dicKey":"001003003","dicValue":"物业管理/商业中心","parentCode":"001003"},{"id":17,"dicKey":"001004001","dicValue":"广告/会展/公关/市场推广","parentCode":"001004"},{"id":18,"dicKey":"001004002","dicValue":"媒体/出版/影视/文化/艺术","parentCode":"001004"},{"id":19,"dicKey":"001004003","dicValue":"印刷/包装/造纸","parentCode":"001004"},{"id":21,"dicKey":"001005001","dicValue":"快速消费品（食品/饮料/烟酒/化妆品）","parentCode":"001005"},{"id":22,"dicKey":"001005002","dicValue":"耐用消费品（服装服饰/纺织/皮革/家具/家电）","parentCode":"001005"},{"id":23,"dicKey":"001005003","dicValue":"零售/批发","parentCode":"001005"},{"id":24,"dicKey":"001005004","dicValue":"礼品/玩具/工艺美术/收藏品","parentCode":"001005"},{"id":25,"dicKey":"001005005","dicValue":"贸易/进出口","parentCode":"001005"},{"id":26,"dicKey":"001005006","dicValue":"交通/运输/物流","parentCode":"001005"},{"id":27,"dicKey":"001005007","dicValue":"航空/航天","parentCode":"001005"},{"id":29,"dicKey":"001006001","dicValue":"加工制造（原料加工/模具）","parentCode":"001006"},{"id":30,"dicKey":"001006002","dicValue":"大型设备/机电设备/重工业","parentCode":"001006"},{"id":31,"dicKey":"001006003","dicValue":"汽车/摩托车（制造/维护/配件/销售/服务）","parentCode":"001006"},{"id":32,"dicKey":"001006004","dicValue":"检验/检测/认证","parentCode":"001006"},{"id":33,"dicKey":"001006005","dicValue":"仪器仪表及工业自动化","parentCode":"001006"},{"id":34,"dicKey":"001006006","dicValue":"办公用品及设备","parentCode":"001006"},{"id":36,"dicKey":"001007001","dicValue":"咨询/管理产业/法律/财会","parentCode":"001007"},{"id":37,"dicKey":"001007002","dicValue":"教育/培训","parentCode":"001007"},{"id":38,"dicKey":"001007003","dicValue":"中介服务","parentCode":"001007"},{"id":39,"dicKey":"001007004","dicValue":"学术/科研","parentCode":"001007"},{"id":41,"dicKey":"001008001","dicValue":"医药/生物工程","parentCode":"001008"},{"id":42,"dicKey":"001008002","dicValue":"医疗/护理/美容/保健","parentCode":"001008"},{"id":43,"dicKey":"001008003","dicValue":"医疗设备/器械","parentCode":"001008"},{"id":45,"dicKey":"001009001","dicValue":"酒店/餐饮","parentCode":"001009"},{"id":46,"dicKey":"001009002","dicValue":"娱乐/体育/休闲","parentCode":"001009"},{"id":47,"dicKey":"001009003","dicValue":"旅游/度假","parentCode":"001009"},{"id":49,"dicKey":"001010001","dicValue":"石油/石化/化工","parentCode":"001010"},{"id":50,"dicKey":"001010002","dicValue":"能源/矿产/采掘/冶炼","parentCode":"001010"},{"id":51,"dicKey":"001010003","dicValue":"电气/电力/水利","parentCode":"001010"},{"id":53,"dicKey":"001011001","dicValue":"政府/公共事业/非盈利机构","parentCode":"001011"},{"id":54,"dicKey":"001011002","dicValue":"环保","parentCode":"001011"},{"id":55,"dicKey":"001011003","dicValue":"农/林/牧/渔","parentCode":"001011"},{"id":56,"dicKey":"001011004","dicValue":"跨领域经营","parentCode":"001011"},{"id":57,"dicKey":"001011005","dicValue":"其它","parentCode":"001011"}]}