[{"dicKey":"01","dicDesc":"职位亮点标签","dicValue":"五险一金"},{"dicKey":"02","dicDesc":"职位亮点标签","dicValue":"年底双薪"},{"dicKey":"03","dicDesc":"职位亮点标签","dicValue":"绩效奖金"},{"dicKey":"04","dicDesc":"职位亮点标签","dicValue":"年终分红"},{"dicKey":"05","dicDesc":"职位亮点标签","dicValue":"股票期权"},{"dicKey":"06","dicDesc":"职位亮点标签","dicValue":"加班补助"},{"dicKey":"07","dicDesc":"职位亮点标签","dicValue":"全勤奖"},{"dicKey":"08","dicDesc":"职位亮点标签","dicValue":"包吃"},{"dicKey":"09","dicDesc":"职位亮点标签","dicValue":"包住"},{"dicKey":"10","dicDesc":"职位亮点标签","dicValue":"交通补助"},{"dicKey":"11","dicDesc":"职位亮点标签","dicValue":"餐补"},{"dicKey":"12","dicDesc":"职位亮点标签","dicValue":"房补"},{"dicKey":"13","dicDesc":"职位亮点标签","dicValue":"通讯补贴"},{"dicKey":"14","dicDesc":"职位亮点标签","dicValue":"采暖补贴"},{"dicKey":"15","dicDesc":"职位亮点标签","dicValue":"带薪年假"},{"dicKey":"16","dicDesc":"职位亮点标签","dicValue":"弹性工作"},{"dicKey":"17","dicDesc":"职位亮点标签","dicValue":"医疗保险"},{"dicKey":"18","dicDesc":"职位亮点标签","dicValue":"定期体检"},{"dicKey":"19","dicDesc":"职位亮点标签","dicValue":"免费班车"},{"dicKey":"20","dicDesc":"职位亮点标签","dicValue":"员工旅游"},{"dicKey":"21","dicDesc":"职位亮点标签","dicValue":"高温补贴"},{"dicKey":"22","dicDesc":"职位亮点标签","dicValue":"节日福利"}]
