{"pPosition":[{"id":1,"parentCode":"0","dicKey":"001","dicValue":"销售|客服|市场"},{"id":9,"parentCode":"0","dicKey":"002","dicValue":"财务|人力资源|行政"},{"id":13,"parentCode":"0","dicKey":"003","dicValue":"项目管理|高级管理"},{"id":17,"parentCode":"0","dicKey":"004","dicValue":"计算机|互联网|通信"},{"id":26,"parentCode":"0","dicKey":"005","dicValue":"房产|建筑|物业管理"},{"id":30,"parentCode":"0","dicKey":"006","dicValue":"金融证券"},{"id":35,"parentCode":"0","dicKey":"007","dicValue":"采购|贸易|交通|物流"},{"id":39,"parentCode":"0","dicKey":"008","dicValue":"工厂||电子电气|通信"},{"id":49,"parentCode":"0","dicKey":"009","dicValue":"传媒|印刷|艺术|设计"},{"id":52,"parentCode":"0","dicKey":"010","dicValue":"咨询|顾问|法律"},{"id":57,"parentCode":"0","dicKey":"011","dicValue":"服务业"},{"id":71,"parentCode":"0","dicKey":"012","dicValue":"能源|科研"},{"id":76,"parentCode":"0","dicKey":"013","dicValue":"兼职|实习|社工|其他"}],
"cPosition":[{"id":2,"parentCode":"001","dicKey":"001001","dicValue":"销售业务"},{"id":3,"parentCode":"001","dicKey":"001002","dicValue":"销售管理"},{"id":4,"parentCode":"001","dicKey":"001003","dicValue":"销售行政/商务"},{"id":5,"parentCode":"001","dicKey":"001004","dicValue":"客服/售前/售后"},{"id":6,"parentCode":"001","dicKey":"001005","dicValue":"市场"},{"id":7,"parentCode":"001","dicKey":"001006","dicValue":"公关/媒介"},{"id":8,"parentCode":"001","dicKey":"001007","dicValue":"广告/会展"},{"id":10,"parentCode":"002","dicKey":"002001","dicValue":"财务/审计/税务"},{"id":11,"parentCode":"002","dicKey":"002002","dicValue":"人力资源/人事"},{"id":12,"parentCode":"002","dicKey":"002003","dicValue":"行政/后勤/文秘"},{"id":14,"parentCode":"003","dicKey":"003001","dicValue":"项目管理/项目协调"},{"id":15,"parentCode":"003","dicKey":"003002","dicValue":"质量管理/安全防护"},{"id":16,"parentCode":"003","dicKey":"003003","dicValue":"高级管理"},{"id":19,"parentCode":"004","dicKey":"004001","dicValue":"软件/互联网开发/系统集成"},{"id":20,"parentCode":"004","dicKey":"004002","dicValue":"硬件开发"},{"id":21,"parentCode":"004","dicKey":"004003","dicValue":"互联网产品/运营管理"},{"id":22,"parentCode":"004","dicKey":"004004","dicValue":"IT质量管理/测试/配置管理"},{"id":23,"parentCode":"004","dicKey":"004005","dicValue":"IT运维/技术支持"},{"id":24,"parentCode":"004","dicKey":"004006","dicValue":"IT管理/项目协调"},{"id":25,"parentCode":"004","dicKey":"004007","dicValue":"电信/通信技术开发及应用"},{"id":27,"parentCode":"005","dicKey":"005001","dicValue":"房地产开发/策划/中介"},{"id":28,"parentCode":"005","dicKey":"005002","dicValue":"土木/建筑/装修"},{"id":29,"parentCode":"005","dicKey":"005003","dicValue":"物业管理"},{"id":31,"parentCode":"006","dicKey":"006001","dicValue":"银行"},{"id":32,"parentCode":"006","dicKey":"006002","dicValue":"证券/期货/投资管理/服务"},{"id":33,"parentCode":"006","dicKey":"006003","dicValue":"保险"},{"id":34,"parentCode":"006","dicKey":"006004","dicValue":"信托/担保/拍卖/典当"},{"id":36,"parentCode":"007","dicKey":"007001","dicValue":"采购/贸易"},{"id":37,"parentCode":"007","dicKey":"007002","dicValue":"交通运输服务"},{"id":38,"parentCode":"007","dicKey":"007003","dicValue":"物流/仓储"},{"id":40,"parentCode":"008","dicKey":"008001","dicValue":"生产管理/运营"},{"id":41,"parentCode":"008","dicKey":"008002","dicValue":"电子/电器/半导体"},{"id":42,"parentCode":"008","dicKey":"008003","dicValue":"汽车制造/设计"},{"id":44,"parentCode":"008","dicKey":"008005","dicValue":"机械设计/制造/维修"},{"id":45,"parentCode":"008","dicKey":"008006","dicValue":"服装/纺织/皮革"},{"id":46,"parentCode":"008","dicKey":"008007","dicValue":"技工/操作工"},{"id":47,"parentCode":"008","dicKey":"008008","dicValue":"生物制药/医疗"},{"id":48,"parentCode":"008","dicKey":"008009","dicValue":"化工"},{"id":50,"parentCode":"009","dicKey":"009001","dicValue":"影视/媒体/出版/印刷"},{"id":51,"parentCode":"009","dicKey":"009002","dicValue":"艺术/设计"},{"id":53,"parentCode":"010","dicKey":"010001","dicValue":"咨询/顾问"},{"id":54,"parentCode":"010","dicKey":"010002","dicValue":"教育/培训"},{"id":55,"parentCode":"010","dicKey":"010003","dicValue":"律师/法务/合规"},{"id":56,"parentCode":"010","dicKey":"010004","dicValue":"翻译"},{"id":58,"parentCode":"011","dicKey":"011001","dicValue":"商超/酒店/娱乐"},{"id":59,"parentCode":"011","dicKey":"011002","dicValue":"旅游/度假/出入境服务"},{"id":60,"parentCode":"011","dicKey":"011003","dicValue":"烹饪/料理"},{"id":61,"parentCode":"011","dicKey":"011004","dicValue":"医疗护理/美容保健"},{"id":62,"parentCode":"011","dicKey":"011005","dicValue":"医院/医疗/护理"},{"id":63,"parentCode":"011","dicKey":"011006","dicValue":"社区/家政服务"},{"id":72,"parentCode":"012","dicKey":"012001","dicValue":"能源/矿产/地质勘查"},{"id":73,"parentCode":"012","dicKey":"012002","dicValue":"环境科学/环保"},{"id":74,"parentCode":"012","dicKey":"012003","dicValue":"农/林/牧/渔业"},{"id":75,"parentCode":"012","dicKey":"012004","dicValue":"公务员/事业单位/科研机构"},{"id":77,"parentCode":"013","dicKey":"013001","dicValue":"实习生/培训生/储备干部"},{"id":78,"parentCode":"013","dicKey":"013002","dicValue":"志愿者"},{"id":79,"parentCode":"013","dicKey":"013003","dicValue":"兼职/临时"},{"id":80,"parentCode":"013","dicKey":"013004","dicValue":"其他"}],
"Position":[{"id":81,"parentCode":"001001","dicKey":"001001001","dicValue":"销售代表"},{"id":82,"parentCode":"001001","dicKey":"001001002","dicValue":"客服代表"},{"id":83,"parentCode":"001001","dicKey":"001001003","dicValue":"销售工程师"},{"id":84,"parentCode":"001001","dicKey":"001001004","dicValue":"渠道/分销专员"},{"id":85,"parentCode":"001001","dicKey":"001001005","dicValue":"区域销售专员/助理"},{"id":86,"parentCode":"001001","dicKey":"001001006","dicValue":"业务拓展专员/助理"},{"id":87,"parentCode":"001001","dicKey":"001001007","dicValue":"大客户销售代表"},{"id":88,"parentCode":"001001","dicKey":"001001008","dicValue":"电话销售"},{"id":89,"parentCode":"001001","dicKey":"001001009","dicValue":"网络营销"},{"id":90,"parentCode":"001001","dicKey":"001001010","dicValue":"团购业务员"},{"id":91,"parentCode":"001001","dicKey":"001001011","dicValue":"销售业务跟单"},{"id":92,"parentCode":"001001","dicKey":"001001012","dicValue":"医药代表"},{"id":93,"parentCode":"001001","dicKey":"001001013","dicValue":"渠道专员"},{"id":94,"parentCode":"001002","dicKey":"001002001","dicValue":"销售总监/经理"},{"id":95,"parentCode":"001002","dicKey":"001002002","dicValue":"销售助理"},{"id":97,"parentCode":"001002","dicKey":"001002004","dicValue":"客户开发主管"},{"id":98,"parentCode":"001002","dicKey":"001002005","dicValue":"客户维护主管"},{"id":99,"parentCode":"001002","dicKey":"001002006","dicValue":"客户经理"},{"id":100,"parentCode":"001002","dicKey":"001002007","dicValue":"渠道/分销总监"},{"id":101,"parentCode":"001002","dicKey":"001002008","dicValue":"渠道经理/主管"},{"id":102,"parentCode":"001002","dicKey":"001002009","dicValue":"大区销售总监"},{"id":103,"parentCode":"001002","dicKey":"001002010","dicValue":"大区销售经理/主管"},{"id":104,"parentCode":"001002","dicKey":"001002011","dicValue":"产品品牌经理/主管"},{"id":105,"parentCode":"001002","dicKey":"001002012","dicValue":"大客户销售经理"},{"id":106,"parentCode":"001002","dicKey":"001002013","dicValue":"团购经理/主管"},{"id":107,"parentCode":"001002","dicKey":"001002014","dicValue":"医药销售经理/主管"},{"id":108,"parentCode":"001002","dicKey":"001002015","dicValue":"其他"},{"id":109,"parentCode":"001003","dicKey":"001003001","dicValue":"销售行政经理/主管"},{"id":110,"parentCode":"001003","dicKey":"001003002","dicValue":"销售行政专员/助理"},{"id":111,"parentCode":"001003","dicKey":"001003003","dicValue":"销售运营经理/主管"},{"id":112,"parentCode":"001003","dicKey":"001003004","dicValue":"销售运营专员/助理"},{"id":113,"parentCode":"001003","dicKey":"001003005","dicValue":"商务经理/主管"},{"id":114,"parentCode":"001003","dicKey":"001003006","dicValue":"商务专员/助理"},{"id":115,"parentCode":"001003","dicKey":"001003007","dicValue":"销售培训师"},{"id":116,"parentCode":"001003","dicKey":"001003008","dicValue":"销售数据分析"},{"id":117,"parentCode":"001003","dicKey":"001003009","dicValue":"其他"},{"id":118,"parentCode":"001004","dicKey":"001004001","dicValue":"客户服务总监"},{"id":119,"parentCode":"001004","dicKey":"001004002","dicValue":"客户服务经理"},{"id":121,"parentCode":"001004","dicKey":"001004004","dicValue":"客户服务专员/助理"},{"id":122,"parentCode":"001004","dicKey":"001004005","dicValue":"客户关系/投诉协调人员"},{"id":124,"parentCode":"001004","dicKey":"001004007","dicValue":"网络/在线客服"},{"id":125,"parentCode":"001004","dicKey":"001004008","dicValue":"售前/售后技术支持主管"},{"id":126,"parentCode":"001004","dicKey":"001004009","dicValue":"售前/售后技术支持工程师"},{"id":127,"parentCode":"001004","dicKey":"001004010","dicValue":"其他"},{"id":128,"parentCode":"001005","dicKey":"001005001","dicValue":"市场总监"},{"id":129,"parentCode":"001005","dicKey":"001005002","dicValue":"市场经理"},{"id":131,"parentCode":"001005","dicKey":"001005004","dicValue":"市场专员/助理"},{"id":132,"parentCode":"001005","dicKey":"001005005","dicValue":"市场营销经理"},{"id":134,"parentCode":"001005","dicKey":"001005007","dicValue":"市场营销专员/助理"},{"id":135,"parentCode":"001005","dicKey":"001005008","dicValue":"业务拓展经理/主管"},{"id":136,"parentCode":"001005","dicKey":"001005009","dicValue":"业务拓展专员/助理"},{"id":137,"parentCode":"001005","dicKey":"001005010","dicValue":"产品经理"},{"id":139,"parentCode":"001005","dicKey":"001005012","dicValue":"产品专员/助理"},{"id":140,"parentCode":"001005","dicKey":"001005013","dicValue":"品牌经理"},{"id":142,"parentCode":"001005","dicKey":"001005015","dicValue":"品牌专员/助理"},{"id":143,"parentCode":"001005","dicKey":"001005016","dicValue":"市场策划/企划经理/主管"},{"id":144,"parentCode":"001005","dicKey":"001005017","dicValue":"市场策划/企划专员/助理"},{"id":145,"parentCode":"001005","dicKey":"001005018","dicValue":"市场文案策划"},{"id":146,"parentCode":"001005","dicKey":"001005019","dicValue":"活动策划/活动执行"},{"id":148,"parentCode":"001005","dicKey":"001005021","dicValue":"促销主管/促销员"},{"id":150,"parentCode":"001005","dicKey":"001005023","dicValue":"网站推广"},{"id":151,"parentCode":"001005","dicKey":"001005024","dicValue":"SEO/SEM"},{"id":152,"parentCode":"001005","dicKey":"001005025","dicValue":"学术推广"},{"id":154,"parentCode":"001005","dicKey":"001005027","dicValue":"市场调研与分析"},{"id":155,"parentCode":"001005","dicKey":"001005028","dicValue":"其他"},{"id":156,"parentCode":"001006","dicKey":"001006001","dicValue":"公关总监"},{"id":157,"parentCode":"001006","dicKey":"001006002","dicValue":"公关经理/主管"},{"id":158,"parentCode":"001006","dicKey":"001006003","dicValue":"公关专员/助理"},{"id":159,"parentCode":"001006","dicKey":"001006004","dicValue":"媒介经理/主管"},{"id":160,"parentCode":"001006","dicKey":"001006005","dicValue":"媒介专员/助理"},{"id":161,"parentCode":"001006","dicKey":"001006006","dicValue":"媒介策划/管理"},{"id":163,"parentCode":"001006","dicKey":"001006008","dicValue":"其他"},{"id":164,"parentCode":"001007","dicKey":"001007001","dicValue":"广告创意/设计总监"},{"id":166,"parentCode":"001007","dicKey":"001007003","dicValue":"广告创意/设计师"},{"id":167,"parentCode":"001007","dicKey":"001007004","dicValue":"广告文案"},{"id":168,"parentCode":"001007","dicKey":"001007005","dicValue":"广告美术指导"},{"id":169,"parentCode":"001007","dicKey":"001007006","dicValue":"广告制作执行"},{"id":170,"parentCode":"001007","dicKey":"001007007","dicValue":"广告客户总监"},{"id":173,"parentCode":"001007","dicKey":"001007010","dicValue":"广告客户代表"},{"id":174,"parentCode":"001007","dicKey":"001007011","dicValue":"广告/会展业务拓展"},{"id":175,"parentCode":"001007","dicKey":"001007012","dicValue":"会展策划/设计"},{"id":176,"parentCode":"001007","dicKey":"001007013","dicValue":"会务经理/主管"},{"id":177,"parentCode":"001007","dicKey":"001007014","dicValue":"会务专员/助理"},{"id":179,"parentCode":"001007","dicKey":"001007016","dicValue":"其他"},{"id":180,"parentCode":"002001","dicKey":"002001001","dicValue":"首席财务官CFO"},{"id":181,"parentCode":"002001","dicKey":"002001002","dicValue":"财务总监"},{"id":182,"parentCode":"002001","dicKey":"002001003","dicValue":"财务经理"},{"id":184,"parentCode":"002001","dicKey":"002001005","dicValue":"财务顾问"},{"id":185,"parentCode":"002001","dicKey":"002001006","dicValue":"财务助理"},{"id":186,"parentCode":"002001","dicKey":"002001007","dicValue":"财务分析经理/主管"},{"id":187,"parentCode":"002001","dicKey":"002001008","dicValue":"财务分析员"},{"id":188,"parentCode":"002001","dicKey":"002001009","dicValue":"会计经理/主管"},{"id":189,"parentCode":"002001","dicKey":"002001010","dicValue":"会计师"},{"id":190,"parentCode":"002001","dicKey":"002001011","dicValue":"会计助理"},{"id":191,"parentCode":"002001","dicKey":"002001012","dicValue":"出纳员"},{"id":192,"parentCode":"002001","dicKey":"002001013","dicValue":"审计经理/主管"},{"id":193,"parentCode":"002001","dicKey":"002001014","dicValue":"审计专员/助理"},{"id":194,"parentCode":"002001","dicKey":"002001015","dicValue":"税务经理/主管"},{"id":195,"parentCode":"002001","dicKey":"002001016","dicValue":"税务专员/助理"},{"id":196,"parentCode":"002001","dicKey":"002001017","dicValue":"成本经理/主管"},{"id":197,"parentCode":"002001","dicKey":"002001018","dicValue":"成本会计"},{"id":198,"parentCode":"002001","dicKey":"002001019","dicValue":"资产/资金管理"},{"id":201,"parentCode":"002001","dicKey":"002001022","dicValue":"其他"},{"id":202,"parentCode":"002002","dicKey":"002002001","dicValue":"人力资源总监"},{"id":205,"parentCode":"002002","dicKey":"002002004","dicValue":"人力资源专员/助理"},{"id":206,"parentCode":"002002","dicKey":"002002005","dicValue":"培训经理/主管"},{"id":207,"parentCode":"002002","dicKey":"002002006","dicValue":"培训专员/助理"},{"id":208,"parentCode":"002002","dicKey":"002002007","dicValue":"招聘经理/主管"},{"id":209,"parentCode":"002002","dicKey":"002002008","dicValue":"招聘专员/助理"},{"id":210,"parentCode":"002002","dicKey":"002002009","dicValue":"薪酬福利经理/主管"},{"id":211,"parentCode":"002002","dicKey":"002002010","dicValue":"薪酬福利专员/助理"},{"id":212,"parentCode":"002002","dicKey":"002002011","dicValue":"绩效考核经理/主管"},{"id":213,"parentCode":"002002","dicKey":"002002012","dicValue":"绩效考核专员/助理"},{"id":214,"parentCode":"002002","dicKey":"002002013","dicValue":"员工关系/企业文化"},{"id":215,"parentCode":"002002","dicKey":"002002014","dicValue":"企业培训师/讲师"},{"id":216,"parentCode":"002002","dicKey":"002002015","dicValue":"人事信息系统(HRIS)管理"},{"id":217,"parentCode":"002002","dicKey":"002002016","dicValue":"猎头顾问"},{"id":218,"parentCode":"002002","dicKey":"002002017","dicValue":"其他"},{"id":219,"parentCode":"002003","dicKey":"002003001","dicValue":"行政总监"},{"id":220,"parentCode":"002003","dicKey":"002003002","dicValue":"行政经理/主管/办公室主任"},{"id":221,"parentCode":"002003","dicKey":"002003003","dicValue":"行政专员/助理"},{"id":223,"parentCode":"002003","dicKey":"002003005","dicValue":"前台/总机"},{"id":224,"parentCode":"002003","dicKey":"002003006","dicValue":"资料管理"},{"id":225,"parentCode":"002003","dicKey":"002003007","dicValue":"电脑操作/录入员"},{"id":227,"parentCode":"002003","dicKey":"002003009","dicValue":"其他"},{"id":228,"parentCode":"003001","dicKey":"003001001","dicValue":"项目总监"},{"id":230,"parentCode":"003001","dicKey":"003001003","dicValue":"项目专员/助理"},{"id":231,"parentCode":"003001","dicKey":"003001004","dicValue":"广告/会展项目管理"},{"id":232,"parentCode":"003001","dicKey":"003001005","dicValue":"IT项目总监"},{"id":235,"parentCode":"003001","dicKey":"003001008","dicValue":"通信项目管理"},{"id":236,"parentCode":"003001","dicKey":"003001009","dicValue":"房地产项目配套工程师"},{"id":237,"parentCode":"003001","dicKey":"003001010","dicValue":"房地产项目管理"},{"id":238,"parentCode":"003001","dicKey":"003001011","dicValue":"证券/投资项目管理"},{"id":239,"parentCode":"003001","dicKey":"003001012","dicValue":"保险项目经理/主管"},{"id":240,"parentCode":"003001","dicKey":"003001013","dicValue":"生产项目经理/主管"},{"id":241,"parentCode":"003001","dicKey":"003001014","dicValue":"生产项目工程师"},{"id":242,"parentCode":"003001","dicKey":"003001015","dicValue":"汽车工程项目管理"},{"id":243,"parentCode":"003001","dicKey":"003001016","dicValue":"电子/电器项目管理"},{"id":244,"parentCode":"003001","dicKey":"003001017","dicValue":"服装/纺织/皮革项目管理"},{"id":245,"parentCode":"003001","dicKey":"003001018","dicValue":"医药项目管理"},{"id":246,"parentCode":"003001","dicKey":"003001019","dicValue":"化工项目管理"},{"id":247,"parentCode":"003001","dicKey":"003001020","dicValue":"物流/仓储项目管理"},{"id":248,"parentCode":"003001","dicKey":"003001021","dicValue":"咨询项目管理"},{"id":249,"parentCode":"003001","dicKey":"003001022","dicValue":"能源/矿产项目管理"},{"id":250,"parentCode":"003001","dicKey":"003001023","dicValue":"其他"},{"id":251,"parentCode":"003002","dicKey":"003002001","dicValue":"质量管理/测试经理"},{"id":253,"parentCode":"003002","dicKey":"003002003","dicValue":"质量管理/测试工程师"},{"id":254,"parentCode":"003002","dicKey":"003002004","dicValue":"质量检验员/测试员"},{"id":255,"parentCode":"003002","dicKey":"003002005","dicValue":"化验/检验"},{"id":256,"parentCode":"003002","dicKey":"003002006","dicValue":"认证/体系工程师/审核员"},{"id":257,"parentCode":"003002","dicKey":"003002007","dicValue":"环境/健康/安全经理/主管"},{"id":258,"parentCode":"003002","dicKey":"003002008","dicValue":"环境/健康/安全工程师"},{"id":259,"parentCode":"003002","dicKey":"003002009","dicValue":"供应商/采购质量管理"},{"id":260,"parentCode":"003002","dicKey":"003002010","dicValue":"安全管理/消防"},{"id":262,"parentCode":"003002","dicKey":"003002012","dicValue":"其他"},{"id":263,"parentCode":"003003","dicKey":"003003001","dicValue":"首席执行官CEO/总裁/总经理\t"},{"id":264,"parentCode":"003003","dicKey":"003003002","dicValue":"首席运营官COO"},{"id":265,"parentCode":"003003","dicKey":"003003003","dicValue":"首席财务官CFO"},{"id":267,"parentCode":"003003","dicKey":"003003005","dicValue":"副总裁/副总经理"},{"id":268,"parentCode":"003003","dicKey":"003003006","dicValue":"分公司/代表处负责人"},{"id":269,"parentCode":"003003","dicKey":"003003007","dicValue":"部门/事业部管理"},{"id":270,"parentCode":"003003","dicKey":"003003008","dicValue":"总裁助理/总经理助理"},{"id":271,"parentCode":"003003","dicKey":"003003009","dicValue":"总编/副总编"},{"id":272,"parentCode":"003003","dicKey":"003003010","dicValue":"行长/副行长"},{"id":273,"parentCode":"003003","dicKey":"003003011","dicValue":"工厂厂长/副厂长"},{"id":274,"parentCode":"003003","dicKey":"003003012","dicValue":"校长/副校长"},{"id":276,"parentCode":"004001","dicKey":"004001001","dicValue":"高级软件工程师\t"},{"id":277,"parentCode":"004001","dicKey":"004001002","dicValue":"软件工程师"},{"id":278,"parentCode":"004001","dicKey":"004001003","dicValue":"软件研发工程师"},{"id":279,"parentCode":"004001","dicKey":"004001004","dicValue":"需求分析师"},{"id":280,"parentCode":"004001","dicKey":"004001005","dicValue":"系统架构师"},{"id":281,"parentCode":"004001","dicKey":"004001006","dicValue":"系统分析师"},{"id":282,"parentCode":"004001","dicKey":"004001007","dicValue":"数据库工程师"},{"id":283,"parentCode":"004001","dicKey":"004001008","dicValue":"ERP技术/开发应用"},{"id":284,"parentCode":"004001","dicKey":"004001009","dicValue":"互联网软件工程师"},{"id":285,"parentCode":"004001","dicKey":"004001010","dicValue":"Android/IOS开发工程师"},{"id":286,"parentCode":"004001","dicKey":"004001011","dicValue":"嵌入式软件开发"},{"id":288,"parentCode":"004001","dicKey":"004001013","dicValue":"WEB前端开发"},{"id":289,"parentCode":"004001","dicKey":"004001014","dicValue":"语音/视频/图形开发"},{"id":290,"parentCode":"004001","dicKey":"004001015","dicValue":"UI设计师"},{"id":291,"parentCode":"004001","dicKey":"004001016","dicValue":"用户体验（UE/UX）设计"},{"id":292,"parentCode":"004001","dicKey":"004001017","dicValue":"网页美工设计"},{"id":293,"parentCode":"004001","dicKey":"004001018","dicValue":"游戏开发"},{"id":294,"parentCode":"004001","dicKey":"004001019","dicValue":"游戏策划"},{"id":295,"parentCode":"004001","dicKey":"004001020","dicValue":"游戏界面设计"},{"id":296,"parentCode":"004001","dicKey":"004001021","dicValue":"系统集成工程师"},{"id":297,"parentCode":"004001","dicKey":"004001022","dicValue":"其他"},{"id":298,"parentCode":"004002","dicKey":"004002001","dicValue":"高级硬件工程师"},{"id":299,"parentCode":"004002","dicKey":"004002002","dicValue":"硬件/测试工程师"},{"id":300,"parentCode":"004002","dicKey":"004002003","dicValue":"嵌入式硬件开发"},{"id":301,"parentCode":"004002","dicKey":"004002004","dicValue":"其他"},{"id":302,"parentCode":"004003","dicKey":"004003001","dicValue":"互联网产品经理/主管"},{"id":303,"parentCode":"004003","dicKey":"004003002","dicValue":"互联网产品专员/助理"},{"id":304,"parentCode":"004003","dicKey":"004003003","dicValue":"电子商务经理/主管"},{"id":305,"parentCode":"004003","dicKey":"004003004","dicValue":"电子商务专员/助理"},{"id":306,"parentCode":"004003","dicKey":"004003005","dicValue":"网络运营管理"},{"id":307,"parentCode":"004003","dicKey":"004003006","dicValue":"网络运营专员/助理"},{"id":308,"parentCode":"004003","dicKey":"004003007","dicValue":"网站编辑"},{"id":309,"parentCode":"004003","dicKey":"004003008","dicValue":"网站优化/SEO"},{"id":310,"parentCode":"004003","dicKey":"004003009","dicValue":"其他"},{"id":311,"parentCode":"004004","dicKey":"004004001","dicValue":"IT质量管理经理/主管"},{"id":312,"parentCode":"004004","dicKey":"004004002","dicValue":"IT质量管理工程师"},{"id":313,"parentCode":"004004","dicKey":"004004003","dicValue":"系统测试"},{"id":314,"parentCode":"004004","dicKey":"004004004","dicValue":"软件测试"},{"id":315,"parentCode":"004004","dicKey":"004004005","dicValue":"硬件测试"},{"id":317,"parentCode":"004004","dicKey":"004004007","dicValue":"信息技术标准化工程师"},{"id":318,"parentCode":"004004","dicKey":"004004008","dicValue":"其他"},{"id":319,"parentCode":"004005","dicKey":"004005001","dicValue":"信息技术经理/主管"},{"id":321,"parentCode":"004005","dicKey":"004005003","dicValue":"IT技术支持/维护经理"},{"id":322,"parentCode":"004005","dicKey":"004005004","dicValue":"IT技术支持/维护工程师"},{"id":323,"parentCode":"004005","dicKey":"004005005","dicValue":"系统工程师"},{"id":324,"parentCode":"004005","dicKey":"004005006","dicValue":"系统管理员"},{"id":325,"parentCode":"004005","dicKey":"004005007","dicValue":"网络工程师"},{"id":326,"parentCode":"004005","dicKey":"004005008","dicValue":"网络管理员"},{"id":327,"parentCode":"004005","dicKey":"004005009","dicValue":"网络与信息安全工程师"},{"id":328,"parentCode":"004005","dicKey":"004005010","dicValue":"数据库管理员（DBA）"},{"id":329,"parentCode":"004005","dicKey":"004005011","dicValue":"计算机硬件维护工程师"},{"id":330,"parentCode":"004005","dicKey":"004005012","dicValue":"MRP/ERP/SAP实施"},{"id":331,"parentCode":"004005","dicKey":"004005013","dicValue":"IT技术文员/助理"},{"id":332,"parentCode":"004005","dicKey":"004005014","dicValue":"IT文档工程师"},{"id":334,"parentCode":"004005","dicKey":"004005016","dicValue":"其他"},{"id":335,"parentCode":"004006","dicKey":"004006001","dicValue":"CTO/CIO"},{"id":337,"parentCode":"004006","dicKey":"004006003","dicValue":"IT技术/研发经理"},{"id":338,"parentCode":"004006","dicKey":"004006004","dicValue":"IT项目总监"},{"id":340,"parentCode":"004006","dicKey":"004006006","dicValue":"IT项目执行/协调人员"},{"id":341,"parentCode":"004006","dicKey":"004006007","dicValue":"其他"},{"id":342,"parentCode":"004007","dicKey":"004007001","dicValue":"通信技术工程师"},{"id":343,"parentCode":"004007","dicKey":"004007002","dicValue":"通信研发工程师"},{"id":344,"parentCode":"004007","dicKey":"004007003","dicValue":"数据通信工程师"},{"id":345,"parentCode":"004007","dicKey":"004007004","dicValue":"移动通信工程师"},{"id":346,"parentCode":"004007","dicKey":"004007005","dicValue":"电信网络工程师"},{"id":347,"parentCode":"004007","dicKey":"004007006","dicValue":"电信交换工程师"},{"id":348,"parentCode":"004007","dicKey":"004007007","dicValue":"有线传输工程师"},{"id":349,"parentCode":"004007","dicKey":"004007008","dicValue":"无线通信工程师"},{"id":350,"parentCode":"004007","dicKey":"004007009","dicValue":"通信电源工程师"},{"id":351,"parentCode":"004007","dicKey":"004007010","dicValue":"通信标准化工程师"},{"id":353,"parentCode":"004007","dicKey":"004007012","dicValue":"其他"},{"id":354,"parentCode":"005001","dicKey":"005001001","dicValue":"房地产项目策划经理/主管"},{"id":356,"parentCode":"005001","dicKey":"005001003","dicValue":"房地产项目招投标"},{"id":357,"parentCode":"005001","dicKey":"005001004","dicValue":"房地产项目开发报建"},{"id":358,"parentCode":"005001","dicKey":"005001005","dicValue":"房地产项目配套工程师"},{"id":359,"parentCode":"005001","dicKey":"005001006","dicValue":"房地产销售经理"},{"id":361,"parentCode":"005001","dicKey":"005001008","dicValue":"房地产销售/置业顾问"},{"id":362,"parentCode":"005001","dicKey":"005001009","dicValue":"房地产评估"},{"id":363,"parentCode":"005001","dicKey":"005001010","dicValue":"房地产中介/交易"},{"id":364,"parentCode":"005001","dicKey":"005001011","dicValue":"房地产项目管理"},{"id":365,"parentCode":"005001","dicKey":"005001012","dicValue":"其他"},{"id":366,"parentCode":"005002","dicKey":"005002001","dicValue":"土木/土建/结构工程师"},{"id":367,"parentCode":"005002","dicKey":"005002002","dicValue":"岩土工程师"},{"id":368,"parentCode":"005002","dicKey":"005002003","dicValue":"建筑制图师"},{"id":369,"parentCode":"005002","dicKey":"005002004","dicValue":"建筑工程测绘/测量"},{"id":370,"parentCode":"005002","dicKey":"005002005","dicValue":"道路桥梁隧道工程技术"},{"id":371,"parentCode":"005002","dicKey":"005002006","dicValue":"港口与航道工程师"},{"id":372,"parentCode":"005002","dicKey":"005002007","dicValue":"架线和管道工程技术"},{"id":373,"parentCode":"005002","dicKey":"005002008","dicValue":"给排水/暖通/空调工程师"},{"id":374,"parentCode":"005002","dicKey":"005002009","dicValue":"智能大厦/综合布线"},{"id":375,"parentCode":"005002","dicKey":"005002010","dicValue":"室内装潢设计"},{"id":376,"parentCode":"005002","dicKey":"005002011","dicValue":"安防工程师"},{"id":377,"parentCode":"005002","dicKey":"005002012","dicValue":"园林/景观设计"},{"id":378,"parentCode":"005002","dicKey":"005002013","dicValue":"城市规划与设计"},{"id":379,"parentCode":"005002","dicKey":"005002014","dicValue":"市政工程师"},{"id":380,"parentCode":"005002","dicKey":"005002015","dicValue":"工程监理/质量管理"},{"id":381,"parentCode":"005002","dicKey":"005002016","dicValue":"造价员/预算员"},{"id":382,"parentCode":"005002","dicKey":"005002017","dicValue":"工程资料管理"},{"id":383,"parentCode":"005002","dicKey":"005002018","dicValue":"建筑施工队长"},{"id":385,"parentCode":"005002","dicKey":"005002020","dicValue":"施工员"},{"id":386,"parentCode":"005002","dicKey":"005002021","dicValue":"建筑工程安全管理"},{"id":387,"parentCode":"005002","dicKey":"005002025","dicValue":"其他"},{"id":388,"parentCode":"005002","dicKey":"005002022","dicValue":"建筑总工程师"},{"id":389,"parentCode":"005002","dicKey":"005002023","dicValue":"建筑工程师"},{"id":390,"parentCode":"005002","dicKey":"005002024","dicValue":"建筑设计师"},{"id":391,"parentCode":"005003","dicKey":"005003001","dicValue":"物业经理/主管"},{"id":392,"parentCode":"005003","dicKey":"005003002","dicValue":"物业管理专员/助理"},{"id":393,"parentCode":"005003","dicKey":"005003003","dicValue":"物业租赁/销售"},{"id":394,"parentCode":"005003","dicKey":"005003004","dicValue":"物业维修"},{"id":395,"parentCode":"005003","dicKey":"005003005","dicValue":"物业顾问"},{"id":396,"parentCode":"005003","dicKey":"005003006","dicValue":"物业招商管理"},{"id":397,"parentCode":"005003","dicKey":"005003007","dicValue":"其他"},{"id":398,"parentCode":"006001","dicKey":"006001001","dicValue":"行长/副行长"},{"id":399,"parentCode":"006001","dicKey":"006001002","dicValue":"银行经理/主任"},{"id":400,"parentCode":"006001","dicKey":"006001003","dicValue":"银行大堂经理"},{"id":401,"parentCode":"006001","dicKey":"006001004","dicValue":"银行客户总监"},{"id":402,"parentCode":"006001","dicKey":"006001005","dicValue":"银行客户经理/主管"},{"id":404,"parentCode":"006001","dicKey":"006001007","dicValue":"银行客户代表"},{"id":405,"parentCode":"006001","dicKey":"006001008","dicValue":"银行客户服务"},{"id":408,"parentCode":"006001","dicKey":"006001011","dicValue":"银行会计/柜员"},{"id":411,"parentCode":"006001","dicKey":"006001014","dicValue":"银行业务推广"},{"id":412,"parentCode":"006001","dicKey":"006001015","dicValue":"信贷管理/资信评估/分析"},{"id":413,"parentCode":"006001","dicKey":"006001016","dicValue":"信审核查"},{"id":414,"parentCode":"006001","dicKey":"006001017","dicValue":"国际结算/外汇交易"},{"id":416,"parentCode":"006001","dicKey":"006001019","dicValue":"清算人员"},{"id":417,"parentCode":"006001","dicKey":"006001020","dicValue":"风险控制"},{"id":418,"parentCode":"006001","dicKey":"006001021","dicValue":"其他"},{"id":419,"parentCode":"006002","dicKey":"006002001","dicValue":"证券总监/部门经理"},{"id":420,"parentCode":"006002","dicKey":"006002002","dicValue":"证券/期货/外汇经纪人"},{"id":421,"parentCode":"006002","dicKey":"006002003","dicValue":"证券/投资客户总监"},{"id":423,"parentCode":"006002","dicKey":"006002005","dicValue":"证券/投资客户经理"},{"id":425,"parentCode":"006002","dicKey":"006002007","dicValue":"证券分析/金融研究"},{"id":426,"parentCode":"006002","dicKey":"006002008","dicValue":"投资/理财顾问"},{"id":429,"parentCode":"006002","dicKey":"006002011","dicValue":"融资经理/主管/专员"},{"id":431,"parentCode":"006002","dicKey":"006002013","dicValue":"股票/期货操盘手"},{"id":432,"parentCode":"006002","dicKey":"006002014","dicValue":"资产评估"},{"id":433,"parentCode":"006002","dicKey":"006002015","dicValue":"风险管理/控制"},{"id":434,"parentCode":"006002","dicKey":"006002016","dicValue":"储备经理人"},{"id":435,"parentCode":"006002","dicKey":"006002017","dicValue":"证券/投资项目管理"},{"id":436,"parentCode":"006002","dicKey":"006002018","dicValue":"其他"},{"id":438,"parentCode":"006003","dicKey":"006003002","dicValue":"保险业务经理"},{"id":439,"parentCode":"006003","dicKey":"006003003","dicValue":"保险顾问/财务规划师"},{"id":440,"parentCode":"006003","dicKey":"006003004","dicValue":"保险产品开发/项目策划"},{"id":441,"parentCode":"006003","dicKey":"006003005","dicValue":"保险培训师"},{"id":442,"parentCode":"006003","dicKey":"006003006","dicValue":"保险契约管理"},{"id":443,"parentCode":"006003","dicKey":"006003007","dicValue":"核保理赔专员"},{"id":445,"parentCode":"006003","dicKey":"006003009","dicValue":"保险精算师"},{"id":446,"parentCode":"006003","dicKey":"006003010","dicValue":"客户服务"},{"id":447,"parentCode":"006003","dicKey":"006003011","dicValue":"保险内勤"},{"id":448,"parentCode":"006003","dicKey":"006003012","dicValue":"保险项目经理/主管"},{"id":449,"parentCode":"006003","dicKey":"006003013","dicValue":"储备经理人"},{"id":450,"parentCode":"006003","dicKey":"006003014","dicValue":"其他"},{"id":451,"parentCode":"006004","dicKey":"006004001","dicValue":"信托服务"},{"id":452,"parentCode":"006004","dicKey":"006004002","dicValue":"担保业务"},{"id":453,"parentCode":"006004","dicKey":"006004003","dicValue":"拍卖师"},{"id":454,"parentCode":"006004","dicKey":"006004004","dicValue":"典当业务"},{"id":455,"parentCode":"006004","dicKey":"006004005","dicValue":"珠宝/收藏品鉴定"},{"id":456,"parentCode":"006004","dicKey":"006004006","dicValue":"其他"},{"id":459,"parentCode":"007001","dicKey":"007001003","dicValue":"采购员/助理"},{"id":461,"parentCode":"007001","dicKey":"007001005","dicValue":"供应链经理/主管"},{"id":464,"parentCode":"007001","dicKey":"007001008","dicValue":"外贸专员/助理"},{"id":465,"parentCode":"007001","dicKey":"007001009","dicValue":"业务跟单"},{"id":467,"parentCode":"007001","dicKey":"007001011","dicValue":"其他"},{"id":469,"parentCode":"007001","dicKey":"007001002","dicValue":"采购经理/主管"},{"id":471,"parentCode":"007001","dicKey":"007001004","dicValue":"供应商管理员"},{"id":474,"parentCode":"007001","dicKey":"007001007","dicValue":"外贸经理/主管"},{"id":479,"parentCode":"007002","dicKey":"007002001","dicValue":"机动车司机"},{"id":483,"parentCode":"007002","dicKey":"007002005","dicValue":"公交/地铁乘务"},{"id":484,"parentCode":"007002","dicKey":"007002006","dicValue":"列车乘务"},{"id":485,"parentCode":"007002","dicKey":"007002007","dicValue":"船舶乘务"},{"id":486,"parentCode":"007002","dicKey":"007002008","dicValue":"船员/水手"},{"id":487,"parentCode":"007002","dicKey":"007002009","dicValue":"航空乘务"},{"id":488,"parentCode":"007002","dicKey":"007002010","dicValue":"地勤人员"},{"id":489,"parentCode":"007002","dicKey":"007002011","dicValue":"其他"},{"id":490,"parentCode":"007003","dicKey":"007003001","dicValue":"物流主管/经理"},{"id":492,"parentCode":"007003","dicKey":"007003003","dicValue":"物流专员/助理"},{"id":493,"parentCode":"007003","dicKey":"007003004","dicValue":"货运代理"},{"id":494,"parentCode":"007003","dicKey":"007003005","dicValue":"运输经理/主管"},{"id":495,"parentCode":"007003","dicKey":"007003006","dicValue":"快递员/速递员"},{"id":497,"parentCode":"007003","dicKey":"007003008","dicValue":"集装箱业务"},{"id":500,"parentCode":"007003","dicKey":"007003011","dicValue":"仓库经理/主管"},{"id":501,"parentCode":"007003","dicKey":"007003012","dicValue":"仓库管理员"},{"id":503,"parentCode":"007003","dicKey":"007003014","dicValue":"物流/仓储调度"},{"id":504,"parentCode":"007003","dicKey":"007003015","dicValue":"物流/仓储项目管理"},{"id":505,"parentCode":"007003","dicKey":"007003016","dicValue":"装卸搬运工"},{"id":506,"parentCode":"007003","dicKey":"007003017","dicValue":"其他"},{"id":507,"parentCode":"008001","dicKey":"008001001","dicValue":"厂长/副厂长"},{"id":508,"parentCode":"008001","dicKey":"008001002","dicValue":"生产总监"},{"id":509,"parentCode":"008001","dicKey":"008001003","dicValue":"生产经理/车间主任"},{"id":510,"parentCode":"008001","dicKey":"008001004","dicValue":"生产主管/督导/组长"},{"id":511,"parentCode":"008001","dicKey":"008001005","dicValue":"生产运营管理"},{"id":513,"parentCode":"008001","dicKey":"008001007","dicValue":"生产项目工程师"},{"id":514,"parentCode":"008001","dicKey":"008001008","dicValue":"产品管理经理"},{"id":515,"parentCode":"008001","dicKey":"008001009","dicValue":"生产计划员"},{"id":517,"parentCode":"008001","dicKey":"008001011","dicValue":"工艺/制程工程师"},{"id":518,"parentCode":"008001","dicKey":"008001012","dicValue":"工业工程师"},{"id":519,"parentCode":"008001","dicKey":"008001013","dicValue":"生产设备管理"},{"id":520,"parentCode":"008001","dicKey":"008001014","dicValue":"生产物料管理（PMC）"},{"id":521,"parentCode":"008001","dicKey":"008001015","dicValue":"包装工程师"},{"id":523,"parentCode":"008001","dicKey":"008001017","dicValue":"其他"},{"id":524,"parentCode":"008002","dicKey":"008002001","dicValue":"电子技术研发工程师"},{"id":525,"parentCode":"008002","dicKey":"008002002","dicValue":"电子/电器工程师"},{"id":528,"parentCode":"008002","dicKey":"008002005","dicValue":"电路工程师"},{"id":529,"parentCode":"008002","dicKey":"008002006","dicValue":"模拟电路/应用工程师"},{"id":531,"parentCode":"008002","dicKey":"008002008","dicValue":"集成电路/应用工程师"},{"id":533,"parentCode":"008002","dicKey":"008002010","dicValue":"电子元器件工程师"},{"id":534,"parentCode":"008002","dicKey":"008002011","dicValue":"射频工程师"},{"id":537,"parentCode":"008002","dicKey":"008002014","dicValue":"光源/照明工程师"},{"id":538,"parentCode":"008002","dicKey":"008002015","dicValue":"变压器与磁电工程师"},{"id":539,"parentCode":"008002","dicKey":"008002016","dicValue":"电池/电源开发"},{"id":540,"parentCode":"008002","dicKey":"008002017","dicValue":"家用电器/数码产品研发"},{"id":545,"parentCode":"008002","dicKey":"008002022","dicValue":"电子/电器维修/保养"},{"id":550,"parentCode":"008002","dicKey":"008002027","dicValue":"线路结构设计"},{"id":552,"parentCode":"008002","dicKey":"008002029","dicValue":"仪器/仪表/计量工程师"},{"id":554,"parentCode":"008002","dicKey":"008002031","dicValue":"现场应用工程师（FAE）"},{"id":556,"parentCode":"008002","dicKey":"008002033","dicValue":"其他"},{"id":557,"parentCode":"008003","dicKey":"008003001","dicValue":"汽车动力系统工程师"},{"id":558,"parentCode":"008003","dicKey":"008003002","dicValue":"汽车底盘/总装工程师"},{"id":559,"parentCode":"008003","dicKey":"008003003","dicValue":"车身设计工程师"},{"id":560,"parentCode":"008003","dicKey":"008003004","dicValue":"汽车电子工程师"},{"id":561,"parentCode":"008003","dicKey":"008003005","dicValue":"汽车机械工程师"},{"id":562,"parentCode":"008003","dicKey":"008003006","dicValue":"汽车零部件设计师"},{"id":563,"parentCode":"008003","dicKey":"008003007","dicValue":"汽车装配工艺工程师"},{"id":564,"parentCode":"008003","dicKey":"008003008","dicValue":"安全性能工程师"},{"id":566,"parentCode":"008003","dicKey":"008003010","dicValue":"其他"},{"id":577,"parentCode":"008005","dicKey":"008005001","dicValue":"工程机械经理"},{"id":580,"parentCode":"008005","dicKey":"008005004","dicValue":"机械设备工程师"},{"id":581,"parentCode":"008005","dicKey":"008005005","dicValue":"机械工程师"},{"id":583,"parentCode":"008005","dicKey":"008005007","dicValue":"机械制图员"},{"id":584,"parentCode":"008005","dicKey":"008005008","dicValue":"机械研发/结构工程师"},{"id":586,"parentCode":"008005","dicKey":"008005010","dicValue":"机械工艺工程师"},{"id":588,"parentCode":"008005","dicKey":"008005012","dicValue":"数控工程师"},{"id":589,"parentCode":"008005","dicKey":"008005013","dicValue":"模具工程师"},{"id":590,"parentCode":"008005","dicKey":"008005014","dicValue":"夹具工程师"},{"id":591,"parentCode":"008005","dicKey":"008005015","dicValue":"注塑工程师"},{"id":592,"parentCode":"008005","dicKey":"008005016","dicValue":"铸造/锻造工程师"},{"id":593,"parentCode":"008005","dicKey":"008005017","dicValue":"机电工程师"},{"id":594,"parentCode":"008005","dicKey":"008005018","dicValue":"材料工程师"},{"id":595,"parentCode":"008005","dicKey":"008005019","dicValue":"机械维修/保养"},{"id":602,"parentCode":"008005","dicKey":"008005026","dicValue":"其他"},{"id":603,"parentCode":"008006","dicKey":"008006001","dicValue":"服装/纺织品设计"},{"id":604,"parentCode":"008006","dicKey":"008006002","dicValue":"服装打样/制版"},{"id":605,"parentCode":"008006","dicKey":"008006003","dicValue":"服装/纺织/皮革工艺师"},{"id":607,"parentCode":"008006","dicKey":"008006005","dicValue":"裁床"},{"id":608,"parentCode":"008006","dicKey":"008006006","dicValue":"样衣工"},{"id":609,"parentCode":"008006","dicKey":"008006007","dicValue":"面料辅料采购"},{"id":610,"parentCode":"008006","dicKey":"008006008","dicValue":"服装/纺织/皮革跟单"},{"id":611,"parentCode":"008006","dicKey":"008006009","dicValue":"服装/纺织品/皮革销售"},{"id":613,"parentCode":"008006","dicKey":"008006011","dicValue":"服装/纺织/皮革项目管理"},{"id":614,"parentCode":"008006","dicKey":"008006012","dicValue":"其他"},{"id":615,"parentCode":"008007","dicKey":"008007001","dicValue":"车床/磨床/铣床/冲床工"},{"id":616,"parentCode":"008007","dicKey":"008007002","dicValue":"模具工"},{"id":617,"parentCode":"008007","dicKey":"008007003","dicValue":"钳工/机修工/钣金工"},{"id":618,"parentCode":"008007","dicKey":"008007004","dicValue":"电焊工/铆焊工"},{"id":620,"parentCode":"008007","dicKey":"008007006","dicValue":"水工/木工/油漆工/电工"},{"id":621,"parentCode":"008007","dicKey":"008007007","dicValue":"铲车/叉车工"},{"id":622,"parentCode":"008007","dicKey":"008007008","dicValue":"空调工/电梯工/锅炉工"},{"id":623,"parentCode":"008007","dicKey":"008007009","dicValue":"汽车维修/保养"},{"id":624,"parentCode":"008007","dicKey":"008007010","dicValue":"普工"},{"id":625,"parentCode":"008007","dicKey":"008007011","dicValue":"其他"},{"id":631,"parentCode":"008008","dicKey":"008008006","dicValue":"医疗器械推广"},{"id":632,"parentCode":"008008","dicKey":"008008007","dicValue":"医药学术推广"},{"id":634,"parentCode":"008008","dicKey":"008008009","dicValue":"医药项目管理"},{"id":636,"parentCode":"008008","dicKey":"008008011","dicValue":"生物工程/生物制药"},{"id":637,"parentCode":"008008","dicKey":"008008012","dicValue":"药品市场推广管理员"},{"id":638,"parentCode":"008008","dicKey":"008008013","dicValue":"医疗器械研发员"},{"id":639,"parentCode":"008008","dicKey":"008008014","dicValue":"临床研究员"},{"id":640,"parentCode":"008008","dicKey":"008008015","dicValue":"临床协调员"},{"id":641,"parentCode":"008008","dicKey":"008008016","dicValue":"临床数据分析员"},{"id":642,"parentCode":"008008","dicKey":"008008017","dicValue":"医药化学分析员"},{"id":644,"parentCode":"008008","dicKey":"008008019","dicValue":"药品注册"},{"id":645,"parentCode":"008008","dicKey":"008008020","dicValue":"医疗器械注册"},{"id":646,"parentCode":"008008","dicKey":"008008021","dicValue":"药品生产/质量管理"},{"id":647,"parentCode":"008008","dicKey":"008008022","dicValue":"医疗器械生产/注册"},{"id":648,"parentCode":"008008","dicKey":"008008023","dicValue":"医疗器械维修/保养"},{"id":649,"parentCode":"008008","dicKey":"008008024","dicValue":"其他"},{"id":650,"parentCode":"008009","dicKey":"008009001","dicValue":"化工工程师"},{"id":652,"parentCode":"008009","dicKey":"008009003","dicValue":"化学分析"},{"id":653,"parentCode":"008009","dicKey":"008009004","dicValue":"化学技术应用"},{"id":655,"parentCode":"008009","dicKey":"008009006","dicValue":"化学制剂研发"},{"id":656,"parentCode":"008009","dicKey":"008009007","dicValue":"油漆/化工涂料研发"},{"id":657,"parentCode":"008009","dicKey":"008009008","dicValue":"塑料工程师"},{"id":658,"parentCode":"008009","dicKey":"008009009","dicValue":"化学实验室技术员/研究员"},{"id":659,"parentCode":"008009","dicKey":"008009010","dicValue":"化工项目管理"},{"id":660,"parentCode":"008009","dicKey":"008009011","dicValue":"其他"},{"id":661,"parentCode":"009001","dicKey":"009001001","dicValue":"导演/编导"},{"id":662,"parentCode":"009001","dicKey":"009001002","dicValue":"总编/副总编"},{"id":663,"parentCode":"009001","dicKey":"009001003","dicValue":"艺术指导/舞美设计"},{"id":664,"parentCode":"009001","dicKey":"009001004","dicValue":"摄影师"},{"id":665,"parentCode":"009001","dicKey":"009001005","dicValue":"化妆师/造型师/服装/道具"},{"id":666,"parentCode":"009001","dicKey":"009001006","dicValue":"节目主持人/司仪"},{"id":667,"parentCode":"009001","dicKey":"009001007","dicValue":"演员/模特"},{"id":668,"parentCode":"009001","dicKey":"009001008","dicValue":"配音员"},{"id":669,"parentCode":"009001","dicKey":"009001009","dicValue":"音效师"},{"id":670,"parentCode":"009001","dicKey":"009001010","dicValue":"后期制作"},{"id":671,"parentCode":"009001","dicKey":"009001011","dicValue":"经纪人"},{"id":672,"parentCode":"009001","dicKey":"009001012","dicValue":"放映管理"},{"id":673,"parentCode":"009001","dicKey":"009001013","dicValue":"作家/编剧/撰稿人"},{"id":674,"parentCode":"009001","dicKey":"009001014","dicValue":"文字编辑"},{"id":675,"parentCode":"009001","dicKey":"009001015","dicValue":"美术编辑/美术设计"},{"id":676,"parentCode":"009001","dicKey":"009001016","dicValue":"文字记者/摄影记者"},{"id":677,"parentCode":"009001","dicKey":"009001017","dicValue":"电话采编"},{"id":678,"parentCode":"009001","dicKey":"009001018","dicValue":"文案策划"},{"id":680,"parentCode":"009001","dicKey":"009001020","dicValue":"发行管理"},{"id":681,"parentCode":"009001","dicKey":"009001021","dicValue":"排版设计"},{"id":682,"parentCode":"009001","dicKey":"009001022","dicValue":"印刷排版员"},{"id":683,"parentCode":"009001","dicKey":"009001023","dicValue":"校对/录入"},{"id":684,"parentCode":"009001","dicKey":"009001024","dicValue":"其他"},{"id":686,"parentCode":"009002","dicKey":"009002002","dicValue":"艺术/设计总监"},{"id":687,"parentCode":"009002","dicKey":"009002003","dicValue":"绘画/手绘"},{"id":688,"parentCode":"009002","dicKey":"009002004","dicValue":"原画师"},{"id":689,"parentCode":"009002","dicKey":"009002005","dicValue":"CAD设计/制图"},{"id":690,"parentCode":"009002","dicKey":"009002006","dicValue":"平面设计"},{"id":691,"parentCode":"009002","dicKey":"009002007","dicValue":"三维/3D设计/制作"},{"id":692,"parentCode":"009002","dicKey":"009002008","dicValue":"Flash设计/开发"},{"id":693,"parentCode":"009002","dicKey":"009002009","dicValue":"室内装潢设计"},{"id":694,"parentCode":"009002","dicKey":"009002010","dicValue":"视觉设计"},{"id":695,"parentCode":"009002","dicKey":"009002011","dicValue":"服装/造型设计"},{"id":696,"parentCode":"009002","dicKey":"009002012","dicValue":"美术编辑/美术设计"},{"id":697,"parentCode":"009002","dicKey":"009002013","dicValue":"多媒体/动画设计"},{"id":698,"parentCode":"009002","dicKey":"009002014","dicValue":"产品/包装设计"},{"id":700,"parentCode":"009002","dicKey":"009002016","dicValue":"家具/家居用品设计"},{"id":701,"parentCode":"009002","dicKey":"009002017","dicValue":"珠宝设计"},{"id":702,"parentCode":"009002","dicKey":"009002018","dicValue":"玩具设计"},{"id":703,"parentCode":"009002","dicKey":"009002019","dicValue":"店面/展览设计"},{"id":704,"parentCode":"009002","dicKey":"009002020","dicValue":"形象设计"},{"id":706,"parentCode":"009002","dicKey":"009002022","dicValue":"其他"},{"id":709,"parentCode":"010001","dicKey":"010001003","dicValue":"咨询/咨询员"},{"id":710,"parentCode":"010001","dicKey":"010001004","dicValue":"专业顾问"},{"id":711,"parentCode":"010001","dicKey":"010001005","dicValue":"调研员"},{"id":712,"parentCode":"010001","dicKey":"010001006","dicValue":"数据分析师"},{"id":713,"parentCode":"010001","dicKey":"010001007","dicValue":"情报信息分析人员"},{"id":714,"parentCode":"010001","dicKey":"010001008","dicValue":"猎头顾问"},{"id":715,"parentCode":"010001","dicKey":"010001009","dicValue":"咨询总监/经理"},{"id":716,"parentCode":"010001","dicKey":"010001010","dicValue":"其他"},{"id":733,"parentCode":"010002","dicKey":"010002017","dicValue":"培训督导"},{"id":735,"parentCode":"010002","dicKey":"010002019","dicValue":"培训助理"},{"id":738,"parentCode":"010002","dicKey":"010002022","dicValue":"招生/课程顾问"},{"id":739,"parentCode":"010002","dicKey":"010002023","dicValue":"其他"},{"id":740,"parentCode":"010002","dicKey":"010002001","dicValue":"幼儿教育"},{"id":741,"parentCode":"010002","dicKey":"010002002","dicValue":"小学教师"},{"id":742,"parentCode":"010002","dicKey":"010002003","dicValue":"中学教师"},{"id":744,"parentCode":"010002","dicKey":"010002005","dicValue":"大学教授/教师"},{"id":745,"parentCode":"010002","dicKey":"010002006","dicValue":"教学管理人员"},{"id":746,"parentCode":"010002","dicKey":"010002007","dicValue":"家教"},{"id":747,"parentCode":"010002","dicKey":"010002008","dicValue":"兼职教师"},{"id":748,"parentCode":"010002","dicKey":"010002009","dicValue":"理科教师"},{"id":749,"parentCode":"010002","dicKey":"010002010","dicValue":"文科教师"},{"id":750,"parentCode":"010002","dicKey":"010002011","dicValue":"外语教师"},{"id":751,"parentCode":"010002","dicKey":"010002012","dicValue":"音乐教师"},{"id":752,"parentCode":"010002","dicKey":"010002013","dicValue":"美术教师"},{"id":753,"parentCode":"010002","dicKey":"010002014","dicValue":"竞技体育"},{"id":754,"parentCode":"010002","dicKey":"010002015","dicValue":"校长/副校长"},{"id":755,"parentCode":"010002","dicKey":"010002016","dicValue":"教学/教务管理人员"},{"id":757,"parentCode":"010002","dicKey":"010002018","dicValue":"培训师/讲师"},{"id":759,"parentCode":"010002","dicKey":"010002020","dicValue":"教育产品开发"},{"id":760,"parentCode":"010002","dicKey":"010002021","dicValue":"培训策划"},{"id":763,"parentCode":"010003","dicKey":"010003001","dicValue":"法务人员/顾问"},{"id":764,"parentCode":"010003","dicKey":"010003002","dicValue":"法务经理"},{"id":765,"parentCode":"010003","dicKey":"010003003","dicValue":"律师"},{"id":766,"parentCode":"010003","dicKey":"010003004","dicValue":"律师助理"},{"id":768,"parentCode":"010003","dicKey":"010003006","dicValue":"企业律师/合规顾问"},{"id":769,"parentCode":"010003","dicKey":"010003007","dicValue":"知识产权/专利顾问"},{"id":770,"parentCode":"010003","dicKey":"010003008","dicValue":"合同管理"},{"id":771,"parentCode":"010003","dicKey":"010003009","dicValue":"其他"},{"id":772,"parentCode":"010004","dicKey":"010004001","dicValue":"英语翻译"},{"id":773,"parentCode":"010004","dicKey":"010004002","dicValue":"法语翻译"},{"id":774,"parentCode":"010004","dicKey":"010004003","dicValue":"日语翻译"},{"id":775,"parentCode":"010004","dicKey":"010004004","dicValue":"德语翻译"},{"id":776,"parentCode":"010004","dicKey":"010004005","dicValue":"俄语翻译"},{"id":777,"parentCode":"010004","dicKey":"010004006","dicValue":"西班牙语翻译"},{"id":778,"parentCode":"010004","dicKey":"010004007","dicValue":"意大利语翻译"},{"id":779,"parentCode":"010004","dicKey":"010004008","dicValue":"葡萄牙语翻译"},{"id":780,"parentCode":"010004","dicKey":"010004009","dicValue":"阿拉伯语翻译"},{"id":781,"parentCode":"010004","dicKey":"010004010","dicValue":"韩语/朝鲜语翻译"},{"id":782,"parentCode":"010004","dicKey":"010004011","dicValue":"其他语种翻译"},{"id":783,"parentCode":"011001","dicKey":"011001001","dicValue":"店长/卖场管理"},{"id":784,"parentCode":"011001","dicKey":"011001002","dicValue":"楼层/店面管理"},{"id":785,"parentCode":"011001","dicKey":"011001003","dicValue":"品牌/连锁管理"},{"id":786,"parentCode":"011001","dicKey":"011001004","dicValue":"大堂/前厅经理"},{"id":787,"parentCode":"011001","dicKey":"011001005","dicValue":"酒店管理"},{"id":788,"parentCode":"011001","dicKey":"011001006","dicValue":"客房管理"},{"id":789,"parentCode":"011001","dicKey":"011001007","dicValue":"收银主管"},{"id":790,"parentCode":"011001","dicKey":"011001008","dicValue":"收银员"},{"id":791,"parentCode":"011001","dicKey":"011001009","dicValue":"店员/营业员/导购员"},{"id":792,"parentCode":"011001","dicKey":"011001010","dicValue":"理货员/陈列员"},{"id":793,"parentCode":"011001","dicKey":"011001011","dicValue":"促销主管/督导"},{"id":794,"parentCode":"011001","dicKey":"011001012","dicValue":"促销员"},{"id":796,"parentCode":"011001","dicKey":"011001014","dicValue":"接待/礼仪/迎宾"},{"id":797,"parentCode":"011001","dicKey":"011001015","dicValue":"订票/订房服务"},{"id":798,"parentCode":"011001","dicKey":"011001016","dicValue":"行李员"},{"id":799,"parentCode":"011001","dicKey":"011001017","dicValue":"服务员"},{"id":800,"parentCode":"011001","dicKey":"011001018","dicValue":"防损员/内保"},{"id":803,"parentCode":"011001","dicKey":"011001021","dicValue":"其他"},{"id":804,"parentCode":"011002","dicKey":"011002001","dicValue":"旅游产品销售"},{"id":806,"parentCode":"011002","dicKey":"011002003","dicValue":"导游/票务"},{"id":809,"parentCode":"011002","dicKey":"011002006","dicValue":"签证业务办理"},{"id":810,"parentCode":"011002","dicKey":"011002007","dicValue":"其他"},{"id":812,"parentCode":"011002","dicKey":"011002002","dicValue":"旅游顾问"},{"id":815,"parentCode":"011002","dicKey":"011002005","dicValue":"旅游产品/线路策划"},{"id":818,"parentCode":"011003","dicKey":"011003001","dicValue":"厨师/面点师"},{"id":819,"parentCode":"011003","dicKey":"011003002","dicValue":"食品加工/处理"},{"id":820,"parentCode":"011003","dicKey":"011003003","dicValue":"调酒师/茶艺师/咖啡师"},{"id":821,"parentCode":"011003","dicKey":"011003004","dicValue":"营养师"},{"id":822,"parentCode":"011003","dicKey":"011003005","dicValue":"厨工"},{"id":823,"parentCode":"011003","dicKey":"011003006","dicValue":"中/西餐厨师"},{"id":824,"parentCode":"011003","dicKey":"011003007","dicValue":"学徒"},{"id":825,"parentCode":"011003","dicKey":"011003008","dicValue":"其他"},{"id":826,"parentCode":"011004","dicKey":"011004001","dicValue":"美发/发型师"},{"id":827,"parentCode":"011004","dicKey":"011004002","dicValue":"化妆师"},{"id":828,"parentCode":"011004","dicKey":"011004003","dicValue":"美容师/美甲师"},{"id":829,"parentCode":"011004","dicKey":"011004004","dicValue":"美容顾问(BA)"},{"id":830,"parentCode":"011004","dicKey":"011004005","dicValue":"保健/健美师"},{"id":831,"parentCode":"011004","dicKey":"011004006","dicValue":"按摩/足疗"},{"id":832,"parentCode":"011004","dicKey":"011004007","dicValue":"宠物美容师"},{"id":833,"parentCode":"011004","dicKey":"011004008","dicValue":"其他"},{"id":834,"parentCode":"011005","dicKey":"011005001","dicValue":"医疗管理人员"},{"id":835,"parentCode":"011005","dicKey":"011005002","dicValue":"综合门诊/全科医生"},{"id":836,"parentCode":"011005","dicKey":"011005003","dicValue":"内科医生"},{"id":837,"parentCode":"011005","dicKey":"011005004","dicValue":"外科医生"},{"id":838,"parentCode":"011005","dicKey":"011005005","dicValue":"儿科医生"},{"id":839,"parentCode":"011005","dicKey":"011005006","dicValue":"牙科医生"},{"id":840,"parentCode":"011005","dicKey":"011005007","dicValue":"美容整形科医生"},{"id":841,"parentCode":"011005","dicKey":"011005008","dicValue":"中医科医生"},{"id":842,"parentCode":"011005","dicKey":"011005009","dicValue":"麻醉医生"},{"id":843,"parentCode":"011005","dicKey":"011005010","dicValue":"心理医生"},{"id":844,"parentCode":"011005","dicKey":"011005011","dicValue":"眼科医生/验光师"},{"id":845,"parentCode":"011005","dicKey":"011005012","dicValue":"医学影像/放射科医师"},{"id":846,"parentCode":"011005","dicKey":"011005013","dicValue":"化验/检验科医师"},{"id":847,"parentCode":"011005","dicKey":"011005014","dicValue":"药剂师"},{"id":848,"parentCode":"011005","dicKey":"011005015","dicValue":"理疗师"},{"id":849,"parentCode":"011005","dicKey":"011005016","dicValue":"妇幼保健"},{"id":850,"parentCode":"011005","dicKey":"011005017","dicValue":"护士/护理人员"},{"id":851,"parentCode":"011005","dicKey":"011005018","dicValue":"营养师"},{"id":852,"parentCode":"011005","dicKey":"011005019","dicValue":"针灸推拿"},{"id":853,"parentCode":"011005","dicKey":"011005020","dicValue":"其他"},{"id":854,"parentCode":"011006","dicKey":"011006001","dicValue":"保安经理"},{"id":855,"parentCode":"011006","dicKey":"011006002","dicValue":"保安人员"},{"id":856,"parentCode":"011006","dicKey":"011006003","dicValue":"家政人员"},{"id":857,"parentCode":"011006","dicKey":"011006004","dicValue":"婚礼/庆典策划服务"},{"id":858,"parentCode":"011006","dicKey":"011006005","dicValue":"宠物护理和美容"},{"id":859,"parentCode":"011006","dicKey":"011006006","dicValue":"保姆/月嫂"},{"id":860,"parentCode":"011006","dicKey":"011006007","dicValue":"搬运工"},{"id":861,"parentCode":"011006","dicKey":"011006008","dicValue":"保洁"},{"id":862,"parentCode":"011006","dicKey":"011006009","dicValue":"其他"},{"id":863,"parentCode":"012001","dicKey":"012001001","dicValue":"石油天然气技术员"},{"id":864,"parentCode":"012001","dicKey":"012001002","dicValue":"太阳能工程师"},{"id":865,"parentCode":"012001","dicKey":"012001003","dicValue":"核力/火力工程师"},{"id":866,"parentCode":"012001","dicKey":"012001004","dicValue":"水利/水电工程师"},{"id":867,"parentCode":"012001","dicKey":"012001005","dicValue":"空调/热能功能师"},{"id":868,"parentCode":"012001","dicKey":"012001006","dicValue":"地质勘查/选矿/采矿"},{"id":869,"parentCode":"012001","dicKey":"012001007","dicValue":"能源水利"},{"id":870,"parentCode":"012001","dicKey":"012001008","dicValue":"其他"},{"id":871,"parentCode":"012002","dicKey":"012002001","dicValue":"环保技术工程师"},{"id":872,"parentCode":"012002","dicKey":"012002002","dicValue":"环境评价工程师"},{"id":873,"parentCode":"012002","dicKey":"012002003","dicValue":"环境监测工程师"},{"id":874,"parentCode":"012002","dicKey":"012002004","dicValue":"水处理工程师"},{"id":875,"parentCode":"012002","dicKey":"012002005","dicValue":"固废处理工程师"},{"id":876,"parentCode":"012002","dicKey":"012002006","dicValue":"废气处理工程师"},{"id":877,"parentCode":"012002","dicKey":"012002007","dicValue":"生态治理/规划"},{"id":878,"parentCode":"012002","dicKey":"012002008","dicValue":"环境管理/园林景区保护"},{"id":879,"parentCode":"012002","dicKey":"012002009","dicValue":"其他"},{"id":880,"parentCode":"012003","dicKey":"012003001","dicValue":"农艺师"},{"id":881,"parentCode":"012003","dicKey":"012003002","dicValue":"林业技术人员"},{"id":882,"parentCode":"012003","dicKey":"012003003","dicValue":"园艺师"},{"id":883,"parentCode":"012003","dicKey":"012003004","dicValue":"畜牧师"},{"id":884,"parentCode":"012003","dicKey":"012003005","dicValue":"动物育种/养殖"},{"id":885,"parentCode":"012003","dicKey":"012003006","dicValue":"动物营养/饲料研发"},{"id":887,"parentCode":"012003","dicKey":"012003008","dicValue":"其他"},{"id":888,"parentCode":"012004","dicKey":"012004001","dicValue":"公务员"},{"id":889,"parentCode":"012004","dicKey":"012004002","dicValue":"科研管理人员"},{"id":890,"parentCode":"012004","dicKey":"012004003","dicValue":"科研人员"},{"id":891,"parentCode":"012004","dicKey":"012004004","dicValue":"其他"},{"id":892,"parentCode":"013001","dicKey":"013001001","dicValue":"实习生"},{"id":893,"parentCode":"013001","dicKey":"013001002","dicValue":"培训生"},{"id":894,"parentCode":"013001","dicKey":"013001003","dicValue":"储备干部"},{"id":895,"parentCode":"013001","dicKey":"013001004","dicValue":"其他"},{"id":896,"parentCode":"013002","dicKey":"013002001","dicValue":"义工"},{"id":897,"parentCode":"013002","dicKey":"013002002","dicValue":"社会工作者/社工"},{"id":898,"parentCode":"013002","dicKey":"013002003","dicValue":"其他"},{"id":899,"parentCode":"013003","dicKey":"013003001","dicValue":"兼职"},{"id":900,"parentCode":"013003","dicKey":"013003002","dicValue":"临时"},{"id":901,"parentCode":"013003","dicKey":"013003003","dicValue":"其他"},{"id":902,"parentCode":"013004","dicKey":"013004001","dicValue":"其他"},{"id":903,"parentCode":"001001","dicKey":"001001014","dicValue":"其他"}]}