[{"dicKey":"01","dicDesc":"职位月薪","dicValue":"1000元以下"},{"dicKey":"02","dicDesc":"职位月薪","dicValue":"1000-2000元"},{"dicKey":"03","dicDesc":"职位月薪","dicValue":"2000-4000元"},{"dicKey":"04","dicDesc":"职位月薪","dicValue":"4000-6000元"},{"dicKey":"05","dicDesc":"职位月薪","dicValue":"6000-8000元"},{"dicKey":"06","dicDesc":"职位月薪","dicValue":"8000-10000元"},{"dicKey":"07","dicDesc":"职位月薪","dicValue":"10000-15000元"},{"dicKey":"08","dicDesc":"职位月薪","dicValue":"15000-20000元"},{"dicKey":"09","dicDesc":"职位月薪","dicValue":"20000-30000元"},{"dicKey":"10","dicDesc":"职位月薪","dicValue":"30000-50000元"},{"dicKey":"11","dicDesc":"职位月薪","dicValue":"50000元以上"}]
