{
  "images" : [
    {
      "idiom" : "universal",
      "scale" : "1x",
      "resizing" : {
        "mode" : "9-part",
        "center" : {
          "mode" : "tile",
          "width" : 0,
          "height" : 0
        },
        "cap-insets" : {
          "bottom" : 0,
          "top" : 0,
          "right" : 0,
          "left" : 0
        }
      }
    },
    {
      "resizing" : {
        "mode" : "9-part",
        "center" : {
          "mode" : "tile",
          "width" : 1,
          "height" : 1
        },
        "cap-insets" : {
          "bottom" : 78,
          "top" : 77,
          "right" : 355,
          "left" : 354
        }
      },
      "idiom" : "universal",
      "filename" : "btnBg@2x.png",
      "scale" : "2x"
    },
    {
      "resizing" : {
        "mode" : "9-part",
        "center" : {
          "mode" : "tile",
          "width" : 1,
          "height" : 1
        },
        "cap-insets" : {
          "bottom" : 117,
          "top" : 116,
          "right" : 532,
          "left" : 532
        }
      },
      "idiom" : "universal",
      "filename" : "btnBg@3x.png",
      "scale" : "3x"
    }
  ],
  "info" : {
    "version" : 1,
    "author" : "xcode"
  }
}